theme,ticker,snapshot_date,retrieved_at
activewear,AS,20260416,2026-04-16T22:32:57.080623
activewear,BIRK,20260416,2026-04-16T22:32:57.080623
activewear,DECK,20260416,2026-04-16T22:32:57.080623
activewear,LULU,20260416,2026-04-16T22:32:57.080623
activewear,NKE,20260416,2026-04-16T22:32:57.080623
activewear,ONON,20260416,2026-04-16T22:32:57.080623
ad-tech,APP,20260416,2026-04-16T22:32:57.080623
ad-tech,DV,20260416,2026-04-16T22:32:57.080623
ad-tech,MGNI,20260416,2026-04-16T22:32:57.080623
ad-tech,TTD,20260416,2026-04-16T22:32:57.080623
ad-tech,U,20260416,2026-04-16T22:32:57.080623
ad-tech,ZETA,20260416,2026-04-16T22:32:57.080623
advertising-platforms,GOOGL,20260416,2026-04-16T22:32:57.080623
advertising-platforms,META,20260416,2026-04-16T22:32:57.080623
advertising-platforms,PINS,20260416,2026-04-16T22:32:57.080623
advertising-platforms,RDDT,20260416,2026-04-16T22:32:57.080623
advertising-platforms,ROKU,20260416,2026-04-16T22:32:57.080623
advertising-platforms,SNAP,20260416,2026-04-16T22:32:57.080623
aggregates-concrete,ACA,20260416,2026-04-16T22:32:57.080623
aggregates-concrete,CRH,20260416,2026-04-16T22:32:57.080623
aggregates-concrete,EXP,20260416,2026-04-16T22:32:57.080623
aggregates-concrete,KNF,20260416,2026-04-16T22:32:57.080623
aggregates-concrete,MLM,20260416,2026-04-16T22:32:57.080623
aggregates-concrete,USLM,20260416,2026-04-16T22:32:57.080623
aggregates-concrete,VMC,20260416,2026-04-16T22:32:57.080623
agribusiness,ADM,20260416,2026-04-16T22:32:57.080623
agribusiness,BG,20260416,2026-04-16T22:32:57.080623
ai-infrastructure-software,DDOG,20260416,2026-04-16T22:32:57.080623
ai-infrastructure-software,MDB,20260416,2026-04-16T22:32:57.080623
ai-infrastructure-software,PATH,20260416,2026-04-16T22:32:57.080623
ai-infrastructure-software,SNOW,20260416,2026-04-16T22:32:57.080623
ai-pharma,ABSI,20260416,2026-04-16T22:32:57.080623
ai-pharma,CERT,20260416,2026-04-16T22:32:57.080623
ai-pharma,GH,20260416,2026-04-16T22:32:57.080623
ai-pharma,RLAY,20260416,2026-04-16T22:32:57.080623
ai-pharma,RXRX,20260416,2026-04-16T22:32:57.080623
ai-pharma,SDGR,20260416,2026-04-16T22:32:57.080623
ai-pharma,TEM,20260416,2026-04-16T22:32:57.080623
ai-semiconductor-core,AMD,20260416,2026-04-16T22:32:57.080623
ai-semiconductor-core,AVGO,20260416,2026-04-16T22:32:57.080623
ai-semiconductor-core,MRVL,20260416,2026-04-16T22:32:57.080623
ai-semiconductor-core,MU,20260416,2026-04-16T22:32:57.080623
ai-semiconductor-core,NVDA,20260416,2026-04-16T22:32:57.080623
ai-server-odm,FLEX,20260416,2026-04-16T22:32:57.080623
ai-server-odm,JBL,20260416,2026-04-16T22:32:57.080623
ai-server-odm,SANM,20260416,2026-04-16T22:32:57.080623
airlines-lcc,ALK,20260416,2026-04-16T22:32:57.080623
airlines-lcc,LUV,20260416,2026-04-16T22:32:57.080623
airlines-legacy,AAL,20260416,2026-04-16T22:32:57.080623
airlines-legacy,DAL,20260416,2026-04-16T22:32:57.080623
airlines-legacy,UAL,20260416,2026-04-16T22:32:57.080623
alcoholic-beverages,ABEV,20260416,2026-04-16T22:32:57.080623
alcoholic-beverages,BUD,20260416,2026-04-16T22:32:57.080623
alcoholic-beverages,DEO,20260416,2026-04-16T22:32:57.080623
alcoholic-beverages,STZ,20260416,2026-04-16T22:32:57.080623
alcoholic-beverages,TAP,20260416,2026-04-16T22:32:57.080623
alminium,AA,20260416,2026-04-16T22:32:57.080623
alminium,CENX,20260416,2026-04-16T22:32:57.080623
american-casual,AEO,20260416,2026-04-16T22:32:57.080623
american-casual,ANF,20260416,2026-04-16T22:32:57.080623
american-casual,GAP,20260416,2026-04-16T22:32:57.080623
american-casual,LEVI,20260416,2026-04-16T22:32:57.080623
american-casual,URBN,20260416,2026-04-16T22:32:57.080623
american-casual,VFC,20260416,2026-04-16T22:32:57.080623
analog-semi-comm,QRVO,20260416,2026-04-16T22:32:57.080623
analog-semi-comm,SWKS,20260416,2026-04-16T22:32:57.080623
analog-semi-generic,ADI,20260416,2026-04-16T22:32:57.080623
analog-semi-generic,DIOD,20260416,2026-04-16T22:32:57.080623
analog-semi-generic,TXN,20260416,2026-04-16T22:32:57.080623
analog-semi-power,MPWR,20260416,2026-04-16T22:32:57.080623
analog-semi-power,ON,20260416,2026-04-16T22:32:57.080623
analog-semi-sensor,ALGM,20260416,2026-04-16T22:32:57.080623
analog-semi-sensor,MCHP,20260416,2026-04-16T22:32:57.080623
analog-semi-sensor,NXPI,20260416,2026-04-16T22:32:57.080623
analog-semi-sensor,SLAB,20260416,2026-04-16T22:32:57.080623
apple-intelligence,AAPL,20260416,2026-04-16T22:32:57.080623
apple-intelligence,AMKR,20260416,2026-04-16T22:32:57.080623
apple-intelligence,ARM,20260416,2026-04-16T22:32:57.080623
apple-intelligence,GLW,20260416,2026-04-16T22:32:57.080623
apple-intelligence,SWKS,20260416,2026-04-16T22:32:57.080623
apple-intelligence,TSM,20260416,2026-04-16T22:32:57.080623
auto-maintenance,AZO,20260416,2026-04-16T22:32:57.080623
auto-maintenance,GPC,20260416,2026-04-16T22:32:57.080623
auto-maintenance,ORLY,20260416,2026-04-16T22:32:57.080623
auto-parts,ALV,20260416,2026-04-16T22:32:57.080623
auto-parts,APTV,20260416,2026-04-16T22:32:57.080623
auto-parts,BWA,20260416,2026-04-16T22:32:57.080623
auto-parts,GNTX,20260416,2026-04-16T22:32:57.080623
auto-parts,LEA,20260416,2026-04-16T22:32:57.080623
auto-parts,MGA,20260416,2026-04-16T22:32:57.080623
autonomous,AMBA,20260416,2026-04-16T22:32:57.080623
autonomous,AUR,20260416,2026-04-16T22:32:57.080623
autonomous,MBLY,20260416,2026-04-16T22:32:57.080623
autonomous,QCOM,20260416,2026-04-16T22:32:57.080623
autonomous,TSLA,20260416,2026-04-16T22:32:57.080623
battery-storage,EOSE,20260416,2026-04-16T22:32:57.080623
battery-storage,FLNC,20260416,2026-04-16T22:32:57.080623
battery-storage,GWH,20260416,2026-04-16T22:32:57.080623
battery-storage,STEM,20260416,2026-04-16T22:32:57.080623
beverages-diversified,CELH,20260416,2026-04-16T22:32:57.080623
beverages-diversified,KDP,20260416,2026-04-16T22:32:57.080623
beverages-diversified,KO,20260416,2026-04-16T22:32:57.080623
beverages-diversified,MNST,20260416,2026-04-16T22:32:57.080623
beverages-diversified,PEP,20260416,2026-04-16T22:32:57.080623
biotech-diversified,ABBV,20260416,2026-04-16T22:32:57.080623
biotech-diversified,AMGN,20260416,2026-04-16T22:32:57.080623
biotech-diversified,BIIB,20260416,2026-04-16T22:32:57.080623
biotech-diversified,GILD,20260416,2026-04-16T22:32:57.080623
biotech-diversified,REGN,20260416,2026-04-16T22:32:57.080623
biotech-genomics,ALNY,20260416,2026-04-16T22:32:57.080623
biotech-genomics,CRSP,20260416,2026-04-16T22:32:57.080623
biotech-genomics,INCY,20260416,2026-04-16T22:32:57.080623
biotech-genomics,MRNA,20260416,2026-04-16T22:32:57.080623
biotech-genomics,NTRA,20260416,2026-04-16T22:32:57.080623
biotech-genomics,VKTX,20260416,2026-04-16T22:32:57.080623
biotech-specialized,ARGX,20260416,2026-04-16T22:32:57.080623
biotech-specialized,INSM,20260416,2026-04-16T22:32:57.080623
biotech-specialized,VRTX,20260416,2026-04-16T22:32:57.080623
bnpl,AFRM,20260416,2026-04-16T22:32:57.080623
bnpl,KLAR,20260416,2026-04-16T22:32:57.080623
bnpl,SEZL,20260416,2026-04-16T22:32:57.080623
cable-tv,CHTR,20260416,2026-04-16T22:32:57.080623
cable-tv,CMCSA,20260416,2026-04-16T22:32:57.080623
cafe,BROS,20260416,2026-04-16T22:32:57.080623
cafe,SBUX,20260416,2026-04-16T22:32:57.080623
capital-equipment-leasing,AER,20260416,2026-04-16T22:32:57.080623
capital-equipment-leasing,FTAI,20260416,2026-04-16T22:32:57.080623
capital-equipment-leasing,GATX,20260416,2026-04-16T22:32:57.080623
capital-equipment-leasing,TRN,20260416,2026-04-16T22:32:57.080623
capital-equipment-leasing,URI,20260416,2026-04-16T22:32:57.080623
cdn,AKAM,20260416,2026-04-16T22:32:57.080623
cdn,FSLY,20260416,2026-04-16T22:32:57.080623
cdn,NET,20260416,2026-04-16T22:32:57.080623
china-ai,BABA,20260416,2026-04-16T22:32:57.080623
china-ai,BIDU,20260416,2026-04-16T22:32:57.080623
china-ai,GDS,20260416,2026-04-16T22:32:57.080623
china-ai,KC,20260416,2026-04-16T22:32:57.080623
china-ai,VNET,20260416,2026-04-16T22:32:57.080623
chinese-ev,LI,20260416,2026-04-16T22:32:57.080623
chinese-ev,NIO,20260416,2026-04-16T22:32:57.080623
chinese-ev,XPEV,20260416,2026-04-16T22:32:57.080623
coking-coal,AMR,20260416,2026-04-16T22:32:57.080623
coking-coal,BTU,20260416,2026-04-16T22:32:57.080623
coking-coal,CNR,20260416,2026-04-16T22:32:57.080623
coking-coal,HCC,20260416,2026-04-16T22:32:57.080623
coking-coal,METC,20260416,2026-04-16T22:32:57.080623
coking-coal,SXC,20260416,2026-04-16T22:32:57.080623
commodity-chemicals,DOW,20260416,2026-04-16T22:32:57.080623
commodity-chemicals,LYB,20260416,2026-04-16T22:32:57.080623
confectionery,HSY,20260416,2026-04-16T22:32:57.080623
confectionery,MDLZ,20260416,2026-04-16T22:32:57.080623
confectionery,PEP,20260416,2026-04-16T22:32:57.080623
consulting,ACN,20260416,2026-04-16T22:32:57.080623
consulting,BAH,20260416,2026-04-16T22:32:57.080623
consulting,CTSH,20260416,2026-04-16T22:32:57.080623
consulting,IBM,20260416,2026-04-16T22:32:57.080623
consumer-lending,AFRM,20260416,2026-04-16T22:32:57.080623
consumer-lending,ALLY,20260416,2026-04-16T22:32:57.080623
consumer-lending,AXP,20260416,2026-04-16T22:32:57.080623
consumer-lending,COF,20260416,2026-04-16T22:32:57.080623
consumer-lending,FCFS,20260416,2026-04-16T22:32:57.080623
consumer-lending,KLAR,20260416,2026-04-16T22:32:57.080623
consumer-lending,OMF,20260416,2026-04-16T22:32:57.080623
consumer-lending,SLM,20260416,2026-04-16T22:32:57.080623
consumer-lending,SYF,20260416,2026-04-16T22:32:57.080623
consumer-lending,UPST,20260416,2026-04-16T22:32:57.080623
consumer-staples,CHD,20260416,2026-04-16T22:32:57.080623
consumer-staples,CL,20260416,2026-04-16T22:32:57.080623
consumer-staples,CLX,20260416,2026-04-16T22:32:57.080623
consumer-staples,HLN,20260416,2026-04-16T22:32:57.080623
consumer-staples,KMB,20260416,2026-04-16T22:32:57.080623
consumer-staples,KVUE,20260416,2026-04-16T22:32:57.080623
consumer-staples,PG,20260416,2026-04-16T22:32:57.080623
consumer-staples,REYN,20260416,2026-04-16T22:32:57.080623
consumer-staples,UL,20260416,2026-04-16T22:32:57.080623
content-studios,CMCSA,20260416,2026-04-16T22:32:57.080623
content-studios,DIS,20260416,2026-04-16T22:32:57.080623
content-studios,FOXA,20260416,2026-04-16T22:32:57.080623
content-studios,NWS,20260416,2026-04-16T22:32:57.080623
copper-mining,ERO,20260416,2026-04-16T22:32:57.080623
copper-mining,FCX,20260416,2026-04-16T22:32:57.080623
copper-mining,HBM,20260416,2026-04-16T22:32:57.080623
copper-mining,IE,20260416,2026-04-16T22:32:57.080623
copper-mining,SCCO,20260416,2026-04-16T22:32:57.080623
copper-mining,TECK,20260416,2026-04-16T22:32:57.080623
copper-mining,TGB,20260416,2026-04-16T22:32:57.080623
copper-mining,TMQ,20260416,2026-04-16T22:32:57.080623
corrugated-paper-packaging,GPK,20260416,2026-04-16T22:32:57.080623
corrugated-paper-packaging,IP,20260416,2026-04-16T22:32:57.080623
corrugated-paper-packaging,PKG,20260416,2026-04-16T22:32:57.080623
corrugated-paper-packaging,SON,20260416,2026-04-16T22:32:57.080623
corrugated-paper-packaging,SW,20260416,2026-04-16T22:32:57.080623
cosmetics-personal-care,EL,20260416,2026-04-16T22:32:57.080623
cosmetics-personal-care,ELF,20260416,2026-04-16T22:32:57.080623
cosmetics-personal-care,KVUE,20260416,2026-04-16T22:32:57.080623
cosmetics-personal-care,PG,20260416,2026-04-16T22:32:57.080623
cosmetics-personal-care,ULTA,20260416,2026-04-16T22:32:57.080623
cpu,AMD,20260416,2026-04-16T22:32:57.080623
cpu,ARM,20260416,2026-04-16T22:32:57.080623
cpu,INTC,20260416,2026-04-16T22:32:57.080623
cruise-lines,CCL,20260416,2026-04-16T22:32:57.080623
cruise-lines,NCLH,20260416,2026-04-16T22:32:57.080623
cruise-lines,RCL,20260416,2026-04-16T22:32:57.080623
cruise-lines,VIK,20260416,2026-04-16T22:32:57.080623
crypto,BLSH,20260416,2026-04-16T22:32:57.080623
crypto,CLSK,20260416,2026-04-16T22:32:57.080623
crypto,COIN,20260416,2026-04-16T22:32:57.080623
crypto,CRCL,20260416,2026-04-16T22:32:57.080623
crypto,FIGR,20260416,2026-04-16T22:32:57.080623
crypto,MARA,20260416,2026-04-16T22:32:57.080623
crypto,MSTR,20260416,2026-04-16T22:32:57.080623
crypto,XYZ,20260416,2026-04-16T22:32:57.080623
custom-ai-chips,AMKR,20260416,2026-04-16T22:32:57.080623
custom-ai-chips,ARM,20260416,2026-04-16T22:32:57.080623
custom-ai-chips,ASX,20260416,2026-04-16T22:32:57.080623
custom-ai-chips,AVGO,20260416,2026-04-16T22:32:57.080623
custom-ai-chips,MRVL,20260416,2026-04-16T22:32:57.080623
custom-ai-chips,TSM,20260416,2026-04-16T22:32:57.080623
cybersecurity-cloud,NET,20260416,2026-04-16T22:32:57.080623
cybersecurity-cloud,ZS,20260416,2026-04-16T22:32:57.080623
cybersecurity-data,CVLT,20260416,2026-04-16T22:32:57.080623
cybersecurity-data,RBRK,20260416,2026-04-16T22:32:57.080623
cybersecurity-end,CRWD,20260416,2026-04-16T22:32:57.080623
cybersecurity-end,S,20260416,2026-04-16T22:32:57.080623
cybersecurity-gen,CHKP,20260416,2026-04-16T22:32:57.080623
cybersecurity-gen,FTNT,20260416,2026-04-16T22:32:57.080623
cybersecurity-gen,PANW,20260416,2026-04-16T22:32:57.080623
cybersecurity-other,DDOG,20260416,2026-04-16T22:32:57.080623
cybersecurity-other,DT,20260416,2026-04-16T22:32:57.080623
cybersecurity-other,OKTA,20260416,2026-04-16T22:32:57.080623
cybersecurity-other,TENB,20260416,2026-04-16T22:32:57.080623
data-storage,MU,20260416,2026-04-16T22:32:57.080623
data-storage,SNDK,20260416,2026-04-16T22:32:57.080623
data-storage,STX,20260416,2026-04-16T22:32:57.080623
data-storage,WDC,20260416,2026-04-16T22:32:57.080623
dc-optical-device,AAOI,20260416,2026-04-16T22:32:57.080623
dc-optical-device,CIEN,20260416,2026-04-16T22:32:57.080623
dc-optical-device,COHR,20260416,2026-04-16T22:32:57.080623
dc-optical-device,GLW,20260416,2026-04-16T22:32:57.080623
dc-optical-device,KEYS,20260416,2026-04-16T22:32:57.080623
dc-optical-device,LITE,20260416,2026-04-16T22:32:57.080623
dc-optical-device,POET,20260416,2026-04-16T22:32:57.080623
dc-optical-device,SITM,20260416,2026-04-16T22:32:57.080623
dc-optical-device,VIAV,20260416,2026-04-16T22:32:57.080623
dc-optical-ems,AAOI,20260416,2026-04-16T22:32:57.080623
dc-optical-ems,COHR,20260416,2026-04-16T22:32:57.080623
dc-optical-ems,FN,20260416,2026-04-16T22:32:57.080623
dc-optical-ems,MRVL,20260416,2026-04-16T22:32:57.080623
dc-optical-ems,MTSI,20260416,2026-04-16T22:32:57.080623
dc-optical-semi,ANET,20260416,2026-04-16T22:32:57.080623
dc-optical-semi,AVGO,20260416,2026-04-16T22:32:57.080623
dc-optical-semi,CLS,20260416,2026-04-16T22:32:57.080623
dc-optical-semi,CSCO,20260416,2026-04-16T22:32:57.080623
dc-optical-semi,HPE,20260416,2026-04-16T22:32:57.080623
dc-optical-semi,MRVL,20260416,2026-04-16T22:32:57.080623
dc-rack-connect,ALAB,20260416,2026-04-16T22:32:57.080623
dc-rack-connect,APH,20260416,2026-04-16T22:32:57.080623
dc-rack-connect,CRDO,20260416,2026-04-16T22:32:57.080623
dc-transformer,ETN,20260416,2026-04-16T22:32:57.080623
dc-transformer,GEV,20260416,2026-04-16T22:32:57.080623
dc-transformer,HUBB,20260416,2026-04-16T22:32:57.080623
dc-transformer,POWL,20260416,2026-04-16T22:32:57.080623
defence-comm,ATRO,20260416,2026-04-16T22:32:57.080623
defence-comm,CTS,20260416,2026-04-16T22:32:57.080623
defence-comm,CW,20260416,2026-04-16T22:32:57.080623
defence-comm,KE,20260416,2026-04-16T22:32:57.080623
defence-comm,LHX,20260416,2026-04-16T22:32:57.080623
defence-comm,MRCY,20260416,2026-04-16T22:32:57.080623
defence-comm,SKYT,20260416,2026-04-16T22:32:57.080623
defence-engine,BWXT,20260416,2026-04-16T22:32:57.080623
defence-engine,GE,20260416,2026-04-16T22:32:57.080623
defence-engine,WWD,20260416,2026-04-16T22:32:57.080623
defence-general,BA,20260416,2026-04-16T22:32:57.080623
defence-general,GD,20260416,2026-04-16T22:32:57.080623
defence-general,HII,20260416,2026-04-16T22:32:57.080623
defence-general,LMT,20260416,2026-04-16T22:32:57.080623
defence-general,NOC,20260416,2026-04-16T22:32:57.080623
defence-general,RTX,20260416,2026-04-16T22:32:57.080623
defence-general,TXT,20260416,2026-04-16T22:32:57.080623
defence-maintenance,AIR,20260416,2026-04-16T22:32:57.080623
defence-maintenance,HEI,20260416,2026-04-16T22:32:57.080623
defence-maintenance,LOAR,20260416,2026-04-16T22:32:57.080623
defence-maintenance,TDG,20260416,2026-04-16T22:32:57.080623
defence-maintenance,VSEC,20260416,2026-04-16T22:32:57.080623
defence-parts,ATI,20260416,2026-04-16T22:32:57.080623
defence-parts,DCO,20260416,2026-04-16T22:32:57.080623
defence-parts,HWM,20260416,2026-04-16T22:32:57.080623
defence-parts,HXL,20260416,2026-04-16T22:32:57.080623
defence-service,AMTM,20260416,2026-04-16T22:32:57.080623
defence-service,BAH,20260416,2026-04-16T22:32:57.080623
defence-service,CACI,20260416,2026-04-16T22:32:57.080623
defence-service,KBR,20260416,2026-04-16T22:32:57.080623
defence-service,LDOS,20260416,2026-04-16T22:32:57.080623
defence-service,PLTR,20260416,2026-04-16T22:32:57.080623
defence-service,PSN,20260416,2026-04-16T22:32:57.080623
defence-service,VSEC,20260416,2026-04-16T22:32:57.080623
defence-service,VVX,20260416,2026-04-16T22:32:57.080623
delivery,CART,20260416,2026-04-16T22:32:57.080623
delivery,DASH,20260416,2026-04-16T22:32:57.080623
delivery,UBER,20260416,2026-04-16T22:32:57.080623
dining,DRI,20260416,2026-04-16T22:32:57.080623
dining,TXRH,20260416,2026-04-16T22:32:57.080623
discount-apparel,BURL,20260416,2026-04-16T22:32:57.080623
discount-apparel,OLLI,20260416,2026-04-16T22:32:57.080623
discount-apparel,ROST,20260416,2026-04-16T22:32:57.080623
discount-apparel,TJX,20260416,2026-04-16T22:32:57.080623
diversified-industrials,DOV,20260416,2026-04-16T22:32:57.080623
diversified-industrials,EMR,20260416,2026-04-16T22:32:57.080623
diversified-industrials,ETN,20260416,2026-04-16T22:32:57.080623
diversified-industrials,HON,20260416,2026-04-16T22:32:57.080623
diversified-industrials,ITW,20260416,2026-04-16T22:32:57.080623
diversified-industrials,PH,20260416,2026-04-16T22:32:57.080623
diversified-industrials,TXT,20260416,2026-04-16T22:32:57.080623
diversified-resources,BHP,20260416,2026-04-16T22:32:57.080623
diversified-resources,RIO,20260416,2026-04-16T22:32:57.080623
diversified-resources,VALE,20260416,2026-04-16T22:32:57.080623
dividend,ABBV,20260416,2026-04-16T22:32:57.080623
dividend,AMGN,20260416,2026-04-16T22:32:57.080623
dividend,BMY,20260416,2026-04-16T22:32:57.080623
dividend,COP,20260416,2026-04-16T22:32:57.080623
dividend,CVX,20260416,2026-04-16T22:32:57.080623
dividend,LMT,20260416,2026-04-16T22:32:57.080623
dividend,MRK,20260416,2026-04-16T22:32:57.080623
dividend,TXN,20260416,2026-04-16T22:32:57.080623
dividend,VZ,20260416,2026-04-16T22:32:57.080623
dollar-store,DG,20260416,2026-04-16T22:32:57.080623
dollar-store,DLTR,20260416,2026-04-16T22:32:57.080623
drilling-equipment,FTI,20260416,2026-04-16T22:32:57.080623
drilling-equipment,NOV,20260416,2026-04-16T22:32:57.080623
drilling-equipment,TS,20260416,2026-04-16T22:32:57.080623
drilling-services,BKR,20260416,2026-04-16T22:32:57.080623
drilling-services,HAL,20260416,2026-04-16T22:32:57.080623
drilling-services,SLB,20260416,2026-04-16T22:32:57.080623
drilling-services,WFRD,20260416,2026-04-16T22:32:57.080623
drones,AVAV,20260416,2026-04-16T22:32:57.080623
drones,DPRO,20260416,2026-04-16T22:32:57.080623
drones,KRMN,20260416,2026-04-16T22:32:57.080623
drones,KTOS,20260416,2026-04-16T22:32:57.080623
drones,MRCY,20260416,2026-04-16T22:32:57.080623
drones,ONDS,20260416,2026-04-16T22:32:57.080623
drones,RCAT,20260416,2026-04-16T22:32:57.080623
eVTOL,ACHR,20260416,2026-04-16T22:32:57.080623
eVTOL,EVEX,20260416,2026-04-16T22:32:57.080623
eVTOL,EVTL,20260416,2026-04-16T22:32:57.080623
eVTOL,JOBY,20260416,2026-04-16T22:32:57.080623
eVTOL,VTOL,20260416,2026-04-16T22:32:57.080623
earth-observation,BKSY,20260416,2026-04-16T22:32:57.080623
earth-observation,PL,20260416,2026-04-16T22:32:57.080623
earth-observation,SATL,20260416,2026-04-16T22:32:57.080623
earth-observation,SPIR,20260416,2026-04-16T22:32:57.080623
environmental-waste,CLH,20260416,2026-04-16T22:32:57.080623
environmental-waste,GFL,20260416,2026-04-16T22:32:57.080623
environmental-waste,RSG,20260416,2026-04-16T22:32:57.080623
environmental-waste,VLTO,20260416,2026-04-16T22:32:57.080623
environmental-waste,WCN,20260416,2026-04-16T22:32:57.080623
environmental-waste,WM,20260416,2026-04-16T22:32:57.080623
facility-equipment,ALLE,20260416,2026-04-16T22:32:57.080623
facility-equipment,APG,20260416,2026-04-16T22:32:57.080623
facility-equipment,AYI,20260416,2026-04-16T22:32:57.080623
facility-equipment,JCI,20260416,2026-04-16T22:32:57.080623
facility-equipment,OTIS,20260416,2026-04-16T22:32:57.080623
facility-equipment,XYL,20260416,2026-04-16T22:32:57.080623
facility-sanitation,CTAS,20260416,2026-04-16T22:32:57.080623
facility-sanitation,ROL,20260416,2026-04-16T22:32:57.080623
facility-sanitation,RTO,20260416,2026-04-16T22:32:57.080623
fast-casual,CMG,20260416,2026-04-16T22:32:57.080623
fast-casual,SHAK,20260416,2026-04-16T22:32:57.080623
fast-food,DPZ,20260416,2026-04-16T22:32:57.080623
fast-food,MCD,20260416,2026-04-16T22:32:57.080623
fast-food,QSR,20260416,2026-04-16T22:32:57.080623
fast-food,WEN,20260416,2026-04-16T22:32:57.080623
fast-food,WING,20260416,2026-04-16T22:32:57.080623
fast-food,YUM,20260416,2026-04-16T22:32:57.080623
food-agriculture,CF,20260416,2026-04-16T22:32:57.080623
food-agriculture,CTVA,20260416,2026-04-16T22:32:57.080623
food-agriculture,NTR,20260416,2026-04-16T22:32:57.080623
food-wholesale,PFGC,20260416,2026-04-16T22:32:57.080623
food-wholesale,SYY,20260416,2026-04-16T22:32:57.080623
food-wholesale,USFD,20260416,2026-04-16T22:32:57.080623
foundry,AMKR,20260416,2026-04-16T22:32:57.080623
foundry,ASX,20260416,2026-04-16T22:32:57.080623
foundry,GFS,20260416,2026-04-16T22:32:57.080623
foundry,INTC,20260416,2026-04-16T22:32:57.080623
foundry,SKYT,20260416,2026-04-16T22:32:57.080623
foundry,TSEM,20260416,2026-04-16T22:32:57.080623
foundry,TSM,20260416,2026-04-16T22:32:57.080623
foundry,UMC,20260416,2026-04-16T22:32:57.080623
gas-fracking,ACDC,20260416,2026-04-16T22:32:57.080623
gas-fracking,HP,20260416,2026-04-16T22:32:57.080623
gas-fracking,LBRT,20260416,2026-04-16T22:32:57.080623
gas-fracking,PTEN,20260416,2026-04-16T22:32:57.080623
gas-fracking,PUMP,20260416,2026-04-16T22:32:57.080623
gas-utilities,ATO,20260416,2026-04-16T22:32:57.080623
gas-utilities,BIPC,20260416,2026-04-16T22:32:57.080623
gas-utilities,MDU,20260416,2026-04-16T22:32:57.080623
gas-utilities,NFG,20260416,2026-04-16T22:32:57.080623
gas-utilities,NI,20260416,2026-04-16T22:32:57.080623
gas-utilities,NJR,20260416,2026-04-16T22:32:57.080623
gas-utilities,OGS,20260416,2026-04-16T22:32:57.080623
gas-utilities,SR,20260416,2026-04-16T22:32:57.080623
gas-utilities,SRE,20260416,2026-04-16T22:32:57.080623
gas-utilities,SWX,20260416,2026-04-16T22:32:57.080623
gas-utilities,UGI,20260416,2026-04-16T22:32:57.080623
gold-mining,AEM,20260416,2026-04-16T22:32:57.080623
gold-mining,AGI,20260416,2026-04-16T22:32:57.080623
gold-mining,AU,20260416,2026-04-16T22:32:57.080623
gold-mining,B,20260416,2026-04-16T22:32:57.080623
gold-mining,CDE,20260416,2026-04-16T22:32:57.080623
gold-mining,FNV,20260416,2026-04-16T22:32:57.080623
gold-mining,GFI,20260416,2026-04-16T22:32:57.080623
gold-mining,HL,20260416,2026-04-16T22:32:57.080623
gold-mining,HMY,20260416,2026-04-16T22:32:57.080623
gold-mining,IAG,20260416,2026-04-16T22:32:57.080623
gold-mining,KGC,20260416,2026-04-16T22:32:57.080623
gold-mining,NEM,20260416,2026-04-16T22:32:57.080623
gold-mining,RGLD,20260416,2026-04-16T22:32:57.080623
gold-mining,WPM,20260416,2026-04-16T22:32:57.080623
government-dx,AXON,20260416,2026-04-16T22:32:57.080623
government-dx,MSI,20260416,2026-04-16T22:32:57.080623
government-dx,TYL,20260416,2026-04-16T22:32:57.080623
graphite,EAF,20260416,2026-04-16T22:32:57.080623
graphite,NMG,20260416,2026-04-16T22:32:57.080623
graphite,NVX,20260416,2026-04-16T22:32:57.080623
graphite,WWR,20260416,2026-04-16T22:32:57.080623
grocery-retail,COST,20260416,2026-04-16T22:32:57.080623
grocery-retail,KR,20260416,2026-04-16T22:32:57.080623
grocery-retail,TGT,20260416,2026-04-16T22:32:57.080623
grocery-retail,WMT,20260416,2026-04-16T22:32:57.080623
health-insurance-services,CI,20260416,2026-04-16T22:32:57.080623
health-insurance-services,CNC,20260416,2026-04-16T22:32:57.080623
health-insurance-services,CVS,20260416,2026-04-16T22:32:57.080623
health-insurance-services,ELV,20260416,2026-04-16T22:32:57.080623
health-insurance-services,HUM,20260416,2026-04-16T22:32:57.080623
health-insurance-services,UNH,20260416,2026-04-16T22:32:57.080623
heat-infra,CARR,20260416,2026-04-16T22:32:57.080623
heat-infra,FLEX,20260416,2026-04-16T22:32:57.080623
heat-infra,MOD,20260416,2026-04-16T22:32:57.080623
heat-infra,NVT,20260416,2026-04-16T22:32:57.080623
heat-infra,TT,20260416,2026-04-16T22:32:57.080623
heat-infra,VRT,20260416,2026-04-16T22:32:57.080623
high-pe,AXON,20260416,2026-04-16T22:32:57.080623
high-pe,COST,20260416,2026-04-16T22:32:57.080623
high-pe,CRWD,20260416,2026-04-16T22:32:57.080623
high-pe,PLTR,20260416,2026-04-16T22:32:57.080623
high-pe,WMT,20260416,2026-04-16T22:32:57.080623
home-distribution,BLDR,20260416,2026-04-16T22:32:57.080623
home-distribution,FND,20260416,2026-04-16T22:32:57.080623
home-distribution,HD,20260416,2026-04-16T22:32:57.080623
home-distribution,LOW,20260416,2026-04-16T22:32:57.080623
home-distribution,TSCO,20260416,2026-04-16T22:32:57.080623
home-exterior,CSL,20260416,2026-04-16T22:32:57.080623
home-exterior,JHX,20260416,2026-04-16T22:32:57.080623
home-exterior,OC,20260416,2026-04-16T22:32:57.080623
home-exterior,POOL,20260416,2026-04-16T22:32:57.080623
home-exterior,SHW,20260416,2026-04-16T22:32:57.080623
home-exterior,WMS,20260416,2026-04-16T22:32:57.080623
home-interior,ALLE,20260416,2026-04-16T22:32:57.080623
home-interior,FBIN,20260416,2026-04-16T22:32:57.080623
home-interior,MAS,20260416,2026-04-16T22:32:57.080623
home-interior,REZI,20260416,2026-04-16T22:32:57.080623
home-interior,SWK,20260416,2026-04-16T22:32:57.080623
homebuilders,DHI,20260416,2026-04-16T22:32:57.080623
homebuilders,KBH,20260416,2026-04-16T22:32:57.080623
homebuilders,LEN,20260416,2026-04-16T22:32:57.080623
homebuilders,MTH,20260416,2026-04-16T22:32:57.080623
homebuilders,NVR,20260416,2026-04-16T22:32:57.080623
homebuilders,PHM,20260416,2026-04-16T22:32:57.080623
homebuilders,TMHC,20260416,2026-04-16T22:32:57.080623
homebuilders,TOL,20260416,2026-04-16T22:32:57.080623
hospital-operators,CAH,20260416,2026-04-16T22:32:57.080623
hospital-operators,COR,20260416,2026-04-16T22:32:57.080623
hospital-operators,DVA,20260416,2026-04-16T22:32:57.080623
hospital-operators,EHC,20260416,2026-04-16T22:32:57.080623
hospital-operators,HCA,20260416,2026-04-16T22:32:57.080623
hospital-operators,THC,20260416,2026-04-16T22:32:57.080623
hospital-operators,UHS,20260416,2026-04-16T22:32:57.080623
hotels-resorts,H,20260416,2026-04-16T22:32:57.080623
hotels-resorts,HLT,20260416,2026-04-16T22:32:57.080623
hotels-resorts,IHG,20260416,2026-04-16T22:32:57.080623
hotels-resorts,MAR,20260416,2026-04-16T22:32:57.080623
hotels-resorts,WH,20260416,2026-04-16T22:32:57.080623
housing-equipment-trading,FERG,20260416,2026-04-16T22:32:57.080623
housing-equipment-trading,POOL,20260416,2026-04-16T22:32:57.080623
housing-equipment-trading,QXO,20260416,2026-04-16T22:32:57.080623
housing-equipment-trading,SITE,20260416,2026-04-16T22:32:57.080623
housing-equipment-trading,WSO,20260416,2026-04-16T22:32:57.080623
housing-infrastructure,PPG,20260416,2026-04-16T22:32:57.080623
housing-infrastructure,SHW,20260416,2026-04-16T22:32:57.080623
humanoid-bones,ADI,20260416,2026-04-16T22:32:57.080623
humanoid-bones,ALGM,20260416,2026-04-16T22:32:57.080623
humanoid-bones,HXL,20260416,2026-04-16T22:32:57.080623
humanoid-bones,ON,20260416,2026-04-16T22:32:57.080623
humanoid-bones,RRX,20260416,2026-04-16T22:32:57.080623
humanoid-bones,TEL,20260416,2026-04-16T22:32:57.080623
humanoid-brain,NVDA,20260416,2026-04-16T22:32:57.080623
humanoid-brain,QCOM,20260416,2026-04-16T22:32:57.080623
humanoid-brain,TSLA,20260416,2026-04-16T22:32:57.080623
humanoid-eyes,ARBE,20260416,2026-04-16T22:32:57.080623
humanoid-eyes,CGNX,20260416,2026-04-16T22:32:57.080623
humanoid-eyes,OUST,20260416,2026-04-16T22:32:57.080623
hvac,CARR,20260416,2026-04-16T22:32:57.080623
hvac,LII,20260416,2026-04-16T22:32:57.080623
hvac,TT,20260416,2026-04-16T22:32:57.080623
hyperscalers,AMZN,20260416,2026-04-16T22:32:57.080623
hyperscalers,GOOGL,20260416,2026-04-16T22:32:57.080623
hyperscalers,META,20260416,2026-04-16T22:32:57.080623
hyperscalers,MSFT,20260416,2026-04-16T22:32:57.080623
hyperscalers,ORCL,20260416,2026-04-16T22:32:57.080623
industrial-batteries,ELVA,20260416,2026-04-16T22:32:57.080623
industrial-batteries,ENS,20260416,2026-04-16T22:32:57.080623
industrial-batteries,MVST,20260416,2026-04-16T22:32:57.080623
industrial-distribution,FAST,20260416,2026-04-16T22:32:57.080623
industrial-distribution,GWW,20260416,2026-04-16T22:32:57.080623
industrial-distribution,MSM,20260416,2026-04-16T22:32:57.080623
industrial-distribution,WCC,20260416,2026-04-16T22:32:57.080623
industrial-gases,APD,20260416,2026-04-16T22:32:57.080623
industrial-gases,LIN,20260416,2026-04-16T22:32:57.080623
infra-contractors,EME,20260416,2026-04-16T22:32:57.080623
infra-contractors,FIX,20260416,2026-04-16T22:32:57.080623
infra-contractors,MTZ,20260416,2026-04-16T22:32:57.080623
infra-contractors,PWR,20260416,2026-04-16T22:32:57.080623
infra-contractors,STRL,20260416,2026-04-16T22:32:57.080623
infra-measure,BMI,20260416,2026-04-16T22:32:57.080623
infra-measure,ITRI,20260416,2026-04-16T22:32:57.080623
infra-measure,XYL,20260416,2026-04-16T22:32:57.080623
infrastructure-consulting,ACM,20260416,2026-04-16T22:32:57.080623
infrastructure-consulting,J,20260416,2026-04-16T22:32:57.080623
infrastructure-consulting,STN,20260416,2026-04-16T22:32:57.080623
infrastructure-consulting,TTEK,20260416,2026-04-16T22:32:57.080623
insurance-brokerage,AJG,20260416,2026-04-16T22:32:57.080623
insurance-brokerage,AON,20260416,2026-04-16T22:32:57.080623
insurance-brokerage,BRO,20260416,2026-04-16T22:32:57.080623
insurance-brokerage,RYAN,20260416,2026-04-16T22:32:57.080623
insurance-brokerage,WTW,20260416,2026-04-16T22:32:57.080623
insurance-dx,CLOV,20260416,2026-04-16T22:32:57.080623
insurance-dx,LMND,20260416,2026-04-16T22:32:57.080623
insurance-dx,OSCR,20260416,2026-04-16T22:32:57.080623
investment-banking,EVR,20260416,2026-04-16T22:32:57.080623
investment-banking,GS,20260416,2026-04-16T22:32:57.080623
investment-banking,JEF,20260416,2026-04-16T22:32:57.080623
investment-banking,LAZ,20260416,2026-04-16T22:32:57.080623
investment-banking,MS,20260416,2026-04-16T22:32:57.080623
investment-banking,RJF,20260416,2026-04-16T22:32:57.080623
life-insurance,AFL,20260416,2026-04-16T22:32:57.080623
life-insurance,GL,20260416,2026-04-16T22:32:57.080623
life-insurance,MET,20260416,2026-04-16T22:32:57.080623
life-insurance,MFC,20260416,2026-04-16T22:32:57.080623
life-insurance,PRI,20260416,2026-04-16T22:32:57.080623
life-insurance,PRU,20260416,2026-04-16T22:32:57.080623
lifescience-consumables,RGEN,20260416,2026-04-16T22:32:57.080623
lifescience-consumables,TECH,20260416,2026-04-16T22:32:57.080623
lifescience-consumables,WST,20260416,2026-04-16T22:32:57.080623
lifescience-diagnose,A,20260416,2026-04-16T22:32:57.080623
lifescience-diagnose,BRKR,20260416,2026-04-16T22:32:57.080623
lifescience-diagnose,ILMN,20260416,2026-04-16T22:32:57.080623
lifescience-diagnose,MTD,20260416,2026-04-16T22:32:57.080623
lifescience-diagnose,RVTY,20260416,2026-04-16T22:32:57.080623
lifescience-diagnose,TXG,20260416,2026-04-16T22:32:57.080623
lifescience-diagnose,WAT,20260416,2026-04-16T22:32:57.080623
lifescience-pf,AVTR,20260416,2026-04-16T22:32:57.080623
lifescience-pf,DHR,20260416,2026-04-16T22:32:57.080623
lifescience-pf,TMO,20260416,2026-04-16T22:32:57.080623
lifescience-service,CRL,20260416,2026-04-16T22:32:57.080623
lifescience-service,ICLR,20260416,2026-04-16T22:32:57.080623
lifescience-service,IQV,20260416,2026-04-16T22:32:57.080623
lifescience-service,MEDP,20260416,2026-04-16T22:32:57.080623
lifestyle-furniture,SGI,20260416,2026-04-16T22:32:57.080623
lifestyle-furniture,SN,20260416,2026-04-16T22:32:57.080623
lifestyle-furniture,W,20260416,2026-04-16T22:32:57.080623
lifestyle-furniture,WSM,20260416,2026-04-16T22:32:57.080623
lithium,ALB,20260416,2026-04-16T22:32:57.080623
lithium,ATLX,20260416,2026-04-16T22:32:57.080623
lithium,CRML,20260416,2026-04-16T22:32:57.080623
lithium,ELVR,20260416,2026-04-16T22:32:57.080623
lithium,IONR,20260416,2026-04-16T22:32:57.080623
lithium,LAC,20260416,2026-04-16T22:32:57.080623
lithium,RIO,20260416,2026-04-16T22:32:57.080623
lithium,SGML,20260416,2026-04-16T22:32:57.080623
lithium,SLI,20260416,2026-04-16T22:32:57.080623
lithium,SQM,20260416,2026-04-16T22:32:57.080623
live-entertainment,FWONK,20260416,2026-04-16T22:32:57.080623
live-entertainment,LYV,20260416,2026-04-16T22:32:57.080623
live-entertainment,TKO,20260416,2026-04-16T22:32:57.080623
logistics-air-freight,CHRW,20260416,2026-04-16T22:32:57.080623
logistics-air-freight,EXPD,20260416,2026-04-16T22:32:57.080623
logistics-air-freight,FDX,20260416,2026-04-16T22:32:57.080623
logistics-air-freight,GXO,20260416,2026-04-16T22:32:57.080623
logistics-air-freight,UPS,20260416,2026-04-16T22:32:57.080623
luxury,RL,20260416,2026-04-16T22:32:57.080623
luxury,TPR,20260416,2026-04-16T22:32:57.080623
machinery-construction-ag,CAT,20260416,2026-04-16T22:32:57.080623
machinery-construction-ag,CMI,20260416,2026-04-16T22:32:57.080623
machinery-construction-ag,DE,20260416,2026-04-16T22:32:57.080623
machinery-construction-ag,OSK,20260416,2026-04-16T22:32:57.080623
machinery-construction-ag,TTC,20260416,2026-04-16T22:32:57.080623
mass-market-vehicles,F,20260416,2026-04-16T22:32:57.080623
mass-market-vehicles,GM,20260416,2026-04-16T22:32:57.080623
mass-market-vehicles,STLA,20260416,2026-04-16T22:32:57.080623
meat-products,PPC,20260416,2026-04-16T22:32:57.080623
meat-products,TSN,20260416,2026-04-16T22:32:57.080623
megabanks,BAC,20260416,2026-04-16T22:32:57.080623
megabanks,C,20260416,2026-04-16T22:32:57.080623
megabanks,JPM,20260416,2026-04-16T22:32:57.080623
megabanks,WFC,20260416,2026-04-16T22:32:57.080623
memory-shortage,AMAT,20260416,2026-04-16T22:32:57.080623
memory-shortage,AMKR,20260416,2026-04-16T22:32:57.080623
memory-shortage,KLAC,20260416,2026-04-16T22:32:57.080623
memory-shortage,LRCX,20260416,2026-04-16T22:32:57.080623
memory-shortage,MU,20260416,2026-04-16T22:32:57.080623
memory-shortage,ONTO,20260416,2026-04-16T22:32:57.080623
memory-shortage,RMBS,20260416,2026-04-16T22:32:57.080623
metal-specialty-packaging,ATR,20260416,2026-04-16T22:32:57.080623
metal-specialty-packaging,AVY,20260416,2026-04-16T22:32:57.080623
metal-specialty-packaging,BALL,20260416,2026-04-16T22:32:57.080623
metal-specialty-packaging,CCK,20260416,2026-04-16T22:32:57.080623
mobile-telecom,T,20260416,2026-04-16T22:32:57.080623
mobile-telecom,TMUS,20260416,2026-04-16T22:32:57.080623
mobile-telecom,VZ,20260416,2026-04-16T22:32:57.080623
mortgage-origination,PFSI,20260416,2026-04-16T22:32:57.080623
mortgage-origination,RKT,20260416,2026-04-16T22:32:57.080623
mortgage-origination,UWMC,20260416,2026-04-16T22:32:57.080623
multi-utilities,AEE,20260416,2026-04-16T22:32:57.080623
multi-utilities,CMS,20260416,2026-04-16T22:32:57.080623
multi-utilities,CNP,20260416,2026-04-16T22:32:57.080623
multi-utilities,D,20260416,2026-04-16T22:32:57.080623
multi-utilities,DTE,20260416,2026-04-16T22:32:57.080623
multi-utilities,ED,20260416,2026-04-16T22:32:57.080623
multi-utilities,ES,20260416,2026-04-16T22:32:57.080623
multi-utilities,NGG,20260416,2026-04-16T22:32:57.080623
multi-utilities,PEG,20260416,2026-04-16T22:32:57.080623
multi-utilities,SRE,20260416,2026-04-16T22:32:57.080623
multi-utilities,WEC,20260416,2026-04-16T22:32:57.080623
multi-utilities,XEL,20260416,2026-04-16T22:32:57.080623
natgas-exprot,LNG,20260416,2026-04-16T22:32:57.080623
natgas-exprot,SRE,20260416,2026-04-16T22:32:57.080623
natgas-exprot,VG,20260416,2026-04-16T22:32:57.080623
natgas-infra,KMI,20260416,2026-04-16T22:32:57.080623
natgas-infra,TRP,20260416,2026-04-16T22:32:57.080623
natgas-infra,WMB,20260416,2026-04-16T22:32:57.080623
natgas-upstream,ET,20260416,2026-04-16T22:32:57.080623
natgas-upstream,OKE,20260416,2026-04-16T22:32:57.080623
natgas-upstream,TRGP,20260416,2026-04-16T22:32:57.080623
natural-gas-production,AR,20260416,2026-04-16T22:32:57.080623
natural-gas-production,CTRA,20260416,2026-04-16T22:32:57.080623
natural-gas-production,EQT,20260416,2026-04-16T22:32:57.080623
natural-gas-production,EXE,20260416,2026-04-16T22:32:57.080623
natural-gas-production,RRC,20260416,2026-04-16T22:32:57.080623
neo-cloud,APLD,20260416,2026-04-16T22:32:57.080623
neo-cloud,CIFR,20260416,2026-04-16T22:32:57.080623
neo-cloud,CORZ,20260416,2026-04-16T22:32:57.080623
neo-cloud,CRWV,20260416,2026-04-16T22:32:57.080623
neo-cloud,DOCN,20260416,2026-04-16T22:32:57.080623
neo-cloud,HUT,20260416,2026-04-16T22:32:57.080623
neo-cloud,IREN,20260416,2026-04-16T22:32:57.080623
neo-cloud,NBIS,20260416,2026-04-16T22:32:57.080623
neo-cloud,NUAI,20260416,2026-04-16T22:32:57.080623
neo-cloud,WULF,20260416,2026-04-16T22:32:57.080623
next-gen-power-supply,ADI,20260416,2026-04-16T22:32:57.080623
next-gen-power-supply,ETN,20260416,2026-04-16T22:32:57.080623
next-gen-power-supply,MPWR,20260416,2026-04-16T22:32:57.080623
next-gen-power-supply,ON,20260416,2026-04-16T22:32:57.080623
next-gen-power-supply,VICR,20260416,2026-04-16T22:32:57.080623
next-gen-power-supply,VRT,20260416,2026-04-16T22:32:57.080623
nextgen-bank,HOOD,20260416,2026-04-16T22:32:57.080623
nextgen-bank,SOFI,20260416,2026-04-16T22:32:57.080623
nextgen-batteries,AMPX,20260416,2026-04-16T22:32:57.080623
nextgen-batteries,ENVX,20260416,2026-04-16T22:32:57.080623
nextgen-batteries,QS,20260416,2026-04-16T22:32:57.080623
nextgen-batteries,SES,20260416,2026-04-16T22:32:57.080623
nextgen-batteries,SLDP,20260416,2026-04-16T22:32:57.080623
nuclear-nextgen,BWXT,20260416,2026-04-16T22:32:57.080623
nuclear-nextgen,GEV,20260416,2026-04-16T22:32:57.080623
nuclear-nextgen,OKLO,20260416,2026-04-16T22:32:57.080623
nuclear-nextgen,SMR,20260416,2026-04-16T22:32:57.080623
nuclear-traditional,BWXT,20260416,2026-04-16T22:32:57.080623
nuclear-traditional,CCJ,20260416,2026-04-16T22:32:57.080623
nuclear-traditional,FLS,20260416,2026-04-16T22:32:57.080623
nuclear-traditional,GEV,20260416,2026-04-16T22:32:57.080623
offshore-drilling,NE,20260416,2026-04-16T22:32:57.080623
offshore-drilling,RIG,20260416,2026-04-16T22:32:57.080623
offshore-drilling,VAL,20260416,2026-04-16T22:32:57.080623
oil-exploration-production,COP,20260416,2026-04-16T22:32:57.080623
oil-exploration-production,OXY,20260416,2026-04-16T22:32:57.080623
oil-supermajors-non-us,BP,20260416,2026-04-16T22:32:57.080623
oil-supermajors-non-us,PBR,20260416,2026-04-16T22:32:57.080623
oil-supermajors-non-us,SHEL,20260416,2026-04-16T22:32:57.080623
oil-supermajors-non-us,TTE,20260416,2026-04-16T22:32:57.080623
oil-supermajors-us,CVX,20260416,2026-04-16T22:32:57.080623
oil-supermajors-us,XOM,20260416,2026-04-16T22:32:57.080623
onsite-power,BE,20260416,2026-04-16T22:32:57.080623
onsite-power,CAT,20260416,2026-04-16T22:32:57.080623
onsite-power,CMI,20260416,2026-04-16T22:32:57.080623
onsite-power,GEV,20260416,2026-04-16T22:32:57.080623
onsite-power,GNRC,20260416,2026-04-16T22:32:57.080623
openai-related,AMD,20260416,2026-04-16T22:32:57.080623
openai-related,AVGO,20260416,2026-04-16T22:32:57.080623
openai-related,MSFT,20260416,2026-04-16T22:32:57.080623
openai-related,NVDA,20260416,2026-04-16T22:32:57.080623
openai-related,ORCL,20260416,2026-04-16T22:32:57.080623
ota,ABNB,20260416,2026-04-16T22:32:57.080623
ota,BKNG,20260416,2026-04-16T22:32:57.080623
ota,EXPE,20260416,2026-04-16T22:32:57.080623
ota,TRIP,20260416,2026-04-16T22:32:57.080623
outdoor-products,BC,20260416,2026-04-16T22:32:57.080623
outdoor-products,GOLF,20260416,2026-04-16T22:32:57.080623
outdoor-products,THO,20260416,2026-04-16T22:32:57.080623
payment-infrastructure,MA,20260416,2026-04-16T22:32:57.080623
payment-infrastructure,V,20260416,2026-04-16T22:32:57.080623
payment-tech,PYPL,20260416,2026-04-16T22:32:57.080623
payment-tech,SHOP,20260416,2026-04-16T22:32:57.080623
payment-tech,TOST,20260416,2026-04-16T22:32:57.080623
payment-tech,XYZ,20260416,2026-04-16T22:32:57.080623
pe-private-credit,APO,20260416,2026-04-16T22:32:57.080623
pe-private-credit,ARES,20260416,2026-04-16T22:32:57.080623
pe-private-credit,BX,20260416,2026-04-16T22:32:57.080623
pe-private-credit,CG,20260416,2026-04-16T22:32:57.080623
pe-private-credit,KKR,20260416,2026-04-16T22:32:57.080623
pe-private-credit,OWL,20260416,2026-04-16T22:32:57.080623
pe-private-credit,TPG,20260416,2026-04-16T22:32:57.080623
pharma-distribution,CAH,20260416,2026-04-16T22:32:57.080623
pharma-distribution,COR,20260416,2026-04-16T22:32:57.080623
pharma-distribution,HSIC,20260416,2026-04-16T22:32:57.080623
pharma-distribution,MCK,20260416,2026-04-16T22:32:57.080623
pharma,ABBV,20260416,2026-04-16T22:32:57.080623
pharma,AZN,20260416,2026-04-16T22:32:57.080623
pharma,BMY,20260416,2026-04-16T22:32:57.080623
pharma,GSK,20260416,2026-04-16T22:32:57.080623
pharma,JNJ,20260416,2026-04-16T22:32:57.080623
pharma,LLY,20260416,2026-04-16T22:32:57.080623
pharma,MRK,20260416,2026-04-16T22:32:57.080623
pharma,NVO,20260416,2026-04-16T22:32:57.080623
pharma,NVS,20260416,2026-04-16T22:32:57.080623
pharma,PFE,20260416,2026-04-16T22:32:57.080623
pharma,SNY,20260416,2026-04-16T22:32:57.080623
power-infra,AME,20260416,2026-04-16T22:32:57.080623
power-infra,AMSC,20260416,2026-04-16T22:32:57.080623
power-infra,APH,20260416,2026-04-16T22:32:57.080623
power-infra,ETN,20260416,2026-04-16T22:32:57.080623
power-infra,HUBB,20260416,2026-04-16T22:32:57.080623
power-infra,POWL,20260416,2026-04-16T22:32:57.080623
power-supply-IPP,AES,20260416,2026-04-16T22:32:57.080623
power-supply-IPP,BEP,20260416,2026-04-16T22:32:57.080623
power-supply-IPP,CEG,20260416,2026-04-16T22:32:57.080623
power-supply-IPP,CWEN,20260416,2026-04-16T22:32:57.080623
power-supply-IPP,NEE,20260416,2026-04-16T22:32:57.080623
power-supply-IPP,TLN,20260416,2026-04-16T22:32:57.080623
power-supply-IPP,VST,20260416,2026-04-16T22:32:57.080623
power-supply-regulated,AEP,20260416,2026-04-16T22:32:57.080623
power-supply-regulated,D,20260416,2026-04-16T22:32:57.080623
power-supply-regulated,DUK,20260416,2026-04-16T22:32:57.080623
power-supply-regulated,ETR,20260416,2026-04-16T22:32:57.080623
power-supply-regulated,EXC,20260416,2026-04-16T22:32:57.080623
power-supply-regulated,NRG,20260416,2026-04-16T22:32:57.080623
power-supply-regulated,SO,20260416,2026-04-16T22:32:57.080623
power-supply-regulated,XEL,20260416,2026-04-16T22:32:57.080623
processed-foods,CAG,20260416,2026-04-16T22:32:57.080623
processed-foods,CPB,20260416,2026-04-16T22:32:57.080623
processed-foods,GIS,20260416,2026-04-16T22:32:57.080623
processed-foods,KHC,20260416,2026-04-16T22:32:57.080623
processed-foods,MKC,20260416,2026-04-16T22:32:57.080623
property-casualty-insurance,AIG,20260416,2026-04-16T22:32:57.080623
property-casualty-insurance,ALL,20260416,2026-04-16T22:32:57.080623
property-casualty-insurance,CB,20260416,2026-04-16T22:32:57.080623
property-casualty-insurance,HIG,20260416,2026-04-16T22:32:57.080623
property-casualty-insurance,PGR,20260416,2026-04-16T22:32:57.080623
property-casualty-insurance,TRV,20260416,2026-04-16T22:32:57.080623
pub-construction-electric,DY,20260416,2026-04-16T22:32:57.080623
pub-construction-electric,MTZ,20260416,2026-04-16T22:32:57.080623
pub-construction-electric,MYRG,20260416,2026-04-16T22:32:57.080623
pub-construction-electric,PWR,20260416,2026-04-16T22:32:57.080623
pub-construction-transpo,ROAD,20260416,2026-04-16T22:32:57.080623
pub-construction-transpo,TPC,20260416,2026-04-16T22:32:57.080623
quantum-computing,IONQ,20260416,2026-04-16T22:32:57.080623
quantum-computing,QBTS,20260416,2026-04-16T22:32:57.080623
quantum-computing,QUBT,20260416,2026-04-16T22:32:57.080623
quantum-computing,RGTI,20260416,2026-04-16T22:32:57.080623
rail-manufacturing,FSTR,20260416,2026-04-16T22:32:57.080623
rail-manufacturing,GATX,20260416,2026-04-16T22:32:57.080623
rail-manufacturing,GBX,20260416,2026-04-16T22:32:57.080623
rail-manufacturing,OSK,20260416,2026-04-16T22:32:57.080623
rail-manufacturing,RAIL,20260416,2026-04-16T22:32:57.080623
rail-manufacturing,TRN,20260416,2026-04-16T22:32:57.080623
rail-manufacturing,WAB,20260416,2026-04-16T22:32:57.080623
railways,CNI,20260416,2026-04-16T22:32:57.080623
railways,CP,20260416,2026-04-16T22:32:57.080623
railways,CSX,20260416,2026-04-16T22:32:57.080623
railways,NSC,20260416,2026-04-16T22:32:57.080623
railways,UNP,20260416,2026-04-16T22:32:57.080623
rare-earth,AREC,20260416,2026-04-16T22:32:57.080623
rare-earth,CRML,20260416,2026-04-16T22:32:57.080623
rare-earth,IDR,20260416,2026-04-16T22:32:57.080623
rare-earth,IPX,20260416,2026-04-16T22:32:57.080623
rare-earth,MP,20260416,2026-04-16T22:32:57.080623
rare-earth,NB,20260416,2026-04-16T22:32:57.080623
rare-earth,PPTA,20260416,2026-04-16T22:32:57.080623
rare-earth,TMC,20260416,2026-04-16T22:32:57.080623
rare-earth,TMRC,20260416,2026-04-16T22:32:57.080623
rare-earth,UAMY,20260416,2026-04-16T22:32:57.080623
rare-earth,USAR,20260416,2026-04-16T22:32:57.080623
rare-earth,UUUU,20260416,2026-04-16T22:32:57.080623
re-pf,CSGP,20260416,2026-04-16T22:32:57.080623
re-pf,Z,20260416,2026-04-16T22:32:57.080623
re-service,CBRE,20260416,2026-04-16T22:32:57.080623
re-service,JLL,20260416,2026-04-16T22:32:57.080623
re-tech,COMP,20260416,2026-04-16T22:32:57.080623
re-tech,OPEN,20260416,2026-04-16T22:32:57.080623
refinary,DINO,20260416,2026-04-16T22:32:57.080623
refinary,DK,20260416,2026-04-16T22:32:57.080623
refinary,MPC,20260416,2026-04-16T22:32:57.080623
refinary,PARR,20260416,2026-04-16T22:32:57.080623
refinary,PBF,20260416,2026-04-16T22:32:57.080623
refinary,PSX,20260416,2026-04-16T22:32:57.080623
refinary,VLO,20260416,2026-04-16T22:32:57.080623
refrigerant,CC,20260416,2026-04-16T22:32:57.080623
refrigerant,SOLS,20260416,2026-04-16T22:32:57.080623
regional-bank,BPOP,20260416,2026-04-16T22:32:57.080623
regional-bank,CFG,20260416,2026-04-16T22:32:57.080623
regional-bank,CFR,20260416,2026-04-16T22:32:57.080623
regional-bank,FHN,20260416,2026-04-16T22:32:57.080623
regional-bank,HWC,20260416,2026-04-16T22:32:57.080623
regional-bank,KEY,20260416,2026-04-16T22:32:57.080623
regional-bank,MTB,20260416,2026-04-16T22:32:57.080623
regional-bank,PB,20260416,2026-04-16T22:32:57.080623
regional-bank,RF,20260416,2026-04-16T22:32:57.080623
regional-bank,SSB,20260416,2026-04-16T22:32:57.080623
regional-bank,WAL,20260416,2026-04-16T22:32:57.080623
regional-bank,ZION,20260416,2026-04-16T22:32:57.080623
reit,AMT,20260416,2026-04-16T22:32:57.080623
reit,CCI,20260416,2026-04-16T22:32:57.080623
reit,DLR,20260416,2026-04-16T22:32:57.080623
reit,EQIX,20260416,2026-04-16T22:32:57.080623
reit,O,20260416,2026-04-16T22:32:57.080623
reit,PLD,20260416,2026-04-16T22:32:57.080623
reit,SPG,20260416,2026-04-16T22:32:57.080623
reit,STAG,20260416,2026-04-16T22:32:57.080623
reit,VTR,20260416,2026-04-16T22:32:57.080623
reit,WELL,20260416,2026-04-16T22:32:57.080623
rideshare,LYFT,20260416,2026-04-16T22:32:57.080623
rideshare,UBER,20260416,2026-04-16T22:32:57.080623
robotics-industrial,ISRG,20260416,2026-04-16T22:32:57.080623
robotics-industrial,ROK,20260416,2026-04-16T22:32:57.080623
robotics-industrial,TER,20260416,2026-04-16T22:32:57.080623
robotics-logistics,AMRC,20260416,2026-04-16T22:32:57.080623
robotics-logistics,MIDD,20260416,2026-04-16T22:32:57.080623
robotics-logistics,RR,20260416,2026-04-16T22:32:57.080623
robotics-logistics,SERV,20260416,2026-04-16T22:32:57.080623
robotics-logistics,SYM,20260416,2026-04-16T22:32:57.080623
robotics-logistics,TNC,20260416,2026-04-16T22:32:57.080623
satellite-communications,ASTS,20260416,2026-04-16T22:32:57.080623
satellite-communications,GSAT,20260416,2026-04-16T22:32:57.080623
satellite-communications,IRDM,20260416,2026-04-16T22:32:57.080623
satellite-communications,SATS,20260416,2026-04-16T22:32:57.080623
satellite-communications,VSAT,20260416,2026-04-16T22:32:57.080623
semi-component,AEIS,20260416,2026-04-16T22:32:57.080623
semi-component,ICHR,20260416,2026-04-16T22:32:57.080623
semi-component,MKSI,20260416,2026-04-16T22:32:57.080623
semi-component,UCTT,20260416,2026-04-16T22:32:57.080623
semi-consumables,APD,20260416,2026-04-16T22:32:57.080623
semi-consumables,AXTI,20260416,2026-04-16T22:32:57.080623
semi-consumables,ENTG,20260416,2026-04-16T22:32:57.080623
semi-consumables,LIN,20260416,2026-04-16T22:32:57.080623
semi-consumables,PLAB,20260416,2026-04-16T22:32:57.080623
semi-consumables,Q,20260416,2026-04-16T22:32:57.080623
semi-equip-back,AEHR,20260416,2026-04-16T22:32:57.080623
semi-equip-back,CAMT,20260416,2026-04-16T22:32:57.080623
semi-equip-back,COHU,20260416,2026-04-16T22:32:57.080623
semi-equip-back,ONTO,20260416,2026-04-16T22:32:57.080623
semi-equip-back,TER,20260416,2026-04-16T22:32:57.080623
semi-equip-front,ACLS,20260416,2026-04-16T22:32:57.080623
semi-equip-front,AMAT,20260416,2026-04-16T22:32:57.080623
semi-equip-front,ASML,20260416,2026-04-16T22:32:57.080623
semi-equip-front,KLAC,20260416,2026-04-16T22:32:57.080623
semi-equip-front,LRCX,20260416,2026-04-16T22:32:57.080623
semi-fab-infra,AWI,20260416,2026-04-16T22:32:57.080623
semi-fab-infra,ETN,20260416,2026-04-16T22:32:57.080623
semi-fab-infra,POWL,20260416,2026-04-16T22:32:57.080623
semi-fab-infra,THR,20260416,2026-04-16T22:32:57.080623
semi-fab-infra,WTS,20260416,2026-04-16T22:32:57.080623
semi-iot-ai,AMBA,20260416,2026-04-16T22:32:57.080623
semi-iot-ai,AMBQ,20260416,2026-04-16T22:32:57.080623
semi-iot-ai,LSCC,20260416,2026-04-16T22:32:57.080623
semi-iot-ai,NXPI,20260416,2026-04-16T22:32:57.080623
semi-iot-ai,QCOM,20260416,2026-04-16T22:32:57.080623
semi-iot-ai,SYNA,20260416,2026-04-16T22:32:57.080623
semiconductor-design,CDNS,20260416,2026-04-16T22:32:57.080623
semiconductor-design,SNPS,20260416,2026-04-16T22:32:57.080623
server-brand,DELL,20260416,2026-04-16T22:32:57.080623
server-brand,HPE,20260416,2026-04-16T22:32:57.080623
server-brand,SMCI,20260416,2026-04-16T22:32:57.080623
silver-mining,AG,20260416,2026-04-16T22:32:57.080623
silver-mining,CDE,20260416,2026-04-16T22:32:57.080623
silver-mining,HL,20260416,2026-04-16T22:32:57.080623
silver-mining,PAAS,20260416,2026-04-16T22:32:57.080623
silver-mining,WPM,20260416,2026-04-16T22:32:57.080623
smart-glass,LSCC,20260416,2026-04-16T22:32:57.080623
smart-glass,META,20260416,2026-04-16T22:32:57.080623
smart-glass,QCOM,20260416,2026-04-16T22:32:57.080623
smart-glass,SNAP,20260416,2026-04-16T22:32:57.080623
smart-glass,VUZI,20260416,2026-04-16T22:32:57.080623
smart-glass,WRBY,20260416,2026-04-16T22:32:57.080623
soft-back-office,DOCU,20260416,2026-04-16T22:32:57.080623
soft-back-office,INTU,20260416,2026-04-16T22:32:57.080623
soft-back-office,WDAY,20260416,2026-04-16T22:32:57.080623
soft-comm,FIVN,20260416,2026-04-16T22:32:57.080623
soft-comm,RNG,20260416,2026-04-16T22:32:57.080623
soft-comm,ZM,20260416,2026-04-16T22:32:57.080623
soft-enterprise,CRM,20260416,2026-04-16T22:32:57.080623
soft-enterprise,MSFT,20260416,2026-04-16T22:32:57.080623
soft-enterprise,NOW,20260416,2026-04-16T22:32:57.080623
soft-enterprise,ORCL,20260416,2026-04-16T22:32:57.080623
soft-marketing,ADBE,20260416,2026-04-16T22:32:57.080623
soft-marketing,FIG,20260416,2026-04-16T22:32:57.080623
soft-marketing,HUBS,20260416,2026-04-16T22:32:57.080623
soft-marketing,KVYO,20260416,2026-04-16T22:32:57.080623
soft-marketing,SHOP,20260416,2026-04-16T22:32:57.080623
soft-marketing,TWLO,20260416,2026-04-16T22:32:57.080623
soft-productivity,FROG,20260416,2026-04-16T22:32:57.080623
soft-productivity,GTLB,20260416,2026-04-16T22:32:57.080623
soft-productivity,MNDY,20260416,2026-04-16T22:32:57.080623
soft-productivity,TEAM,20260416,2026-04-16T22:32:57.080623
soft-vertical,ADSK,20260416,2026-04-16T22:32:57.080623
soft-vertical,APPF,20260416,2026-04-16T22:32:57.080623
soft-vertical,BSY,20260416,2026-04-16T22:32:57.080623
soft-vertical,GWRE,20260416,2026-04-16T22:32:57.080623
soft-vertical,MANH,20260416,2026-04-16T22:32:57.080623
soft-vertical,PCOR,20260416,2026-04-16T22:32:57.080623
soft-vertical,ROP,20260416,2026-04-16T22:32:57.080623
soft-vertical,TRMB,20260416,2026-04-16T22:32:57.080623
soft-vertical,TTAN,20260416,2026-04-16T22:32:57.080623
solar-energy-storage,CSIQ,20260416,2026-04-16T22:32:57.080623
solar-energy-storage,ENPH,20260416,2026-04-16T22:32:57.080623
solar-energy-storage,FSLR,20260416,2026-04-16T22:32:57.080623
solar-energy-storage,NXT,20260416,2026-04-16T22:32:57.080623
solar-energy-storage,TE,20260416,2026-04-16T22:32:57.080623
space-infrastructure,FLY,20260416,2026-04-16T22:32:57.080623
space-infrastructure,LUNR,20260416,2026-04-16T22:32:57.080623
space-infrastructure,RDW,20260416,2026-04-16T22:32:57.080623
space-infrastructure,RKLB,20260416,2026-04-16T22:32:57.080623
steel,CLF,20260416,2026-04-16T22:32:57.080623
steel,CMC,20260416,2026-04-16T22:32:57.080623
steel,NUE,20260416,2026-04-16T22:32:57.080623
steel,RS,20260416,2026-04-16T22:32:57.080623
steel,STLD,20260416,2026-04-16T22:32:57.080623
storage-solutions,NTAP,20260416,2026-04-16T22:32:57.080623
storage-solutions,PSTG,20260416,2026-04-16T22:32:57.080623
thermal-coal,ARLP,20260416,2026-04-16T22:32:57.080623
thermal-coal,HNRG,20260416,2026-04-16T22:32:57.080623
tobacco,BTI,20260416,2026-04-16T22:32:57.080623
tobacco,MO,20260416,2026-04-16T22:32:57.080623
tobacco,PM,20260416,2026-04-16T22:32:57.080623
toys,HAS,20260416,2026-04-16T22:32:57.080623
toys,MAT,20260416,2026-04-16T22:32:57.080623
trucking-intermodal,JBHT,20260416,2026-04-16T22:32:57.080623
trucking-intermodal,ODFL,20260416,2026-04-16T22:32:57.080623
trucking-intermodal,XPO,20260416,2026-04-16T22:32:57.080623
uranium,AEC,20260416,2026-04-16T22:32:57.080623
uranium,CCJ,20260416,2026-04-16T22:32:57.080623
uranium,DNN,20260416,2026-04-16T22:32:57.080623
uranium,EU,20260416,2026-04-16T22:32:57.080623
uranium,ISOU,20260416,2026-04-16T22:32:57.080623
uranium,LEU,20260416,2026-04-16T22:32:57.080623
uranium,NXE,20260416,2026-04-16T22:32:57.080623
uranium,UEC,20260416,2026-04-16T22:32:57.080623
uranium,URG,20260416,2026-04-16T22:32:57.080623
uranium,UROY,20260416,2026-04-16T22:32:57.080623
uranium,UUUU,20260416,2026-04-16T22:32:57.080623
used-car-sales,AN,20260416,2026-04-16T22:32:57.080623
used-car-sales,CVNA,20260416,2026-04-16T22:32:57.080623
used-car-sales,KMX,20260416,2026-04-16T22:32:57.080623
used-car-sales,LAD,20260416,2026-04-16T22:32:57.080623
video-streaming,DIS,20260416,2026-04-16T22:32:57.080623
video-streaming,GOOGL,20260416,2026-04-16T22:32:57.080623
video-streaming,NFLX,20260416,2026-04-16T22:32:57.080623
water-utilities,AWK,20260416,2026-04-16T22:32:57.080623
water-utilities,SBS,20260416,2026-04-16T22:32:57.080623
water-utilities,WTRG,20260416,2026-04-16T22:32:57.080623
