theme,ticker,date,close,snapshot_date,retrieved_at
activewear,AS,2026-04-13,35.25,20260414,2026-04-14T00:15:50.254493
activewear,BIRK,2026-04-13,38.91,20260414,2026-04-14T00:15:50.254493
activewear,DECK,2026-04-13,108.14,20260414,2026-04-14T00:15:50.254493
activewear,LULU,2026-04-13,162.56,20260414,2026-04-14T00:15:50.254493
activewear,NKE,2026-04-13,42.91,20260414,2026-04-14T00:15:50.254493
activewear,ONON,2026-04-13,34.19,20260414,2026-04-14T00:15:50.254493
ad-tech,APP,2026-04-13,417.45,20260414,2026-04-14T00:15:50.254493
ad-tech,DV,2026-04-13,10.07,20260414,2026-04-14T00:15:50.254493
ad-tech,MGNI,2026-04-13,12.09,20260414,2026-04-14T00:15:50.254493
ad-tech,TTD,2026-04-13,21.22,20260414,2026-04-14T00:15:50.254493
ad-tech,U,2026-04-13,22.8,20260414,2026-04-14T00:15:50.254493
ad-tech,ZETA,2026-04-13,15.63,20260414,2026-04-14T00:15:50.254493
advertising-platforms,GOOGL,2026-04-13,321.31,20260414,2026-04-14T00:15:50.254493
advertising-platforms,META,2026-04-13,634.53,20260414,2026-04-14T00:15:50.254493
advertising-platforms,PINS,2026-04-13,18.02,20260414,2026-04-14T00:15:50.254493
advertising-platforms,RDDT,2026-04-13,149.35,20260414,2026-04-14T00:15:50.254493
advertising-platforms,ROKU,2026-04-13,103.32,20260414,2026-04-14T00:15:50.254493
advertising-platforms,SNAP,2026-04-13,5.15,20260414,2026-04-14T00:15:50.254493
aggregates-concrete,ACA,2026-04-13,114.47,20260414,2026-04-14T00:15:50.254493
aggregates-concrete,CRH,2026-04-13,117.27,20260414,2026-04-14T00:15:50.254493
aggregates-concrete,EXP,2026-04-13,201.83,20260414,2026-04-14T00:15:50.254493
aggregates-concrete,KNF,2026-04-13,86.61,20260414,2026-04-14T00:15:50.254493
aggregates-concrete,MLM,2026-04-13,635.29,20260414,2026-04-14T00:15:50.254493
aggregates-concrete,USLM,2026-04-13,138.58,20260414,2026-04-14T00:15:50.254493
aggregates-concrete,VMC,2026-04-13,297.15,20260414,2026-04-14T00:15:50.254493
agribusiness,ADM,2026-04-13,69.82,20260414,2026-04-14T00:15:50.254493
agribusiness,BG,2026-04-13,123.5,20260414,2026-04-14T00:15:50.254493
ai-infrastructure-software,DDOG,2026-04-13,110.08,20260414,2026-04-14T00:15:50.254493
ai-infrastructure-software,MDB,2026-04-13,236.14,20260414,2026-04-14T00:15:50.254493
ai-infrastructure-software,PATH,2026-04-13,10.12,20260414,2026-04-14T00:15:50.254493
ai-infrastructure-software,SNOW,2026-04-13,134.24,20260414,2026-04-14T00:15:50.254493
ai-pharma,ABSI,2026-04-13,3.05,20260414,2026-04-14T00:15:50.254493
ai-pharma,CERT,2026-04-13,5.79,20260414,2026-04-14T00:15:50.254493
ai-pharma,GH,2026-04-13,82.21,20260414,2026-04-14T00:15:50.254493
ai-pharma,RLAY,2026-04-13,15.26,20260414,2026-04-14T00:15:50.254493
ai-pharma,RXRX,2026-04-13,3.42,20260414,2026-04-14T00:15:50.254493
ai-pharma,SDGR,2026-04-13,11.45,20260414,2026-04-14T00:15:50.254493
ai-pharma,TEM,2026-04-13,45.98,20260414,2026-04-14T00:15:50.254493
ai-semiconductor-core,AMD,2026-04-13,246.83,20260414,2026-04-14T00:15:50.254493
ai-semiconductor-core,AVGO,2026-04-13,379.75,20260414,2026-04-14T00:15:50.254493
ai-semiconductor-core,MRVL,2026-04-13,131.3,20260414,2026-04-14T00:15:50.254493
ai-semiconductor-core,MU,2026-04-13,426.56,20260414,2026-04-14T00:15:50.254493
ai-semiconductor-core,NVDA,2026-04-13,189.31,20260414,2026-04-14T00:15:50.254493
ai-server-odm,FLEX,2026-04-13,78.31,20260414,2026-04-14T00:15:50.254493
ai-server-odm,JBL,2026-04-13,305.37,20260414,2026-04-14T00:15:50.254493
ai-server-odm,SANM,2026-04-13,153.5,20260414,2026-04-14T00:15:50.254493
airlines-lcc,ALK,2026-04-13,39.97,20260414,2026-04-14T00:15:50.254493
airlines-lcc,LUV,2026-04-13,39.45,20260414,2026-04-14T00:15:50.254493
airlines-legacy,AAL,2026-04-13,11.23,20260414,2026-04-14T00:15:50.254493
airlines-legacy,DAL,2026-04-13,67.05,20260414,2026-04-14T00:15:50.254493
airlines-legacy,UAL,2026-04-13,95.2,20260414,2026-04-14T00:15:50.254493
alcoholic-beverages,ABEV,2026-04-13,3.16,20260414,2026-04-14T00:15:50.254493
alcoholic-beverages,BUD,2026-04-13,75.65,20260414,2026-04-14T00:15:50.254493
alcoholic-beverages,DEO,2026-04-13,79.25,20260414,2026-04-14T00:15:50.254493
alcoholic-beverages,STZ,2026-04-13,164.6,20260414,2026-04-14T00:15:50.254493
alcoholic-beverages,TAP,2026-04-13,44.65,20260414,2026-04-14T00:15:50.254493
alminium,AA,2026-04-13,73.31,20260414,2026-04-14T00:15:50.254493
alminium,CENX,2026-04-13,67.94,20260414,2026-04-14T00:15:50.254493
american-casual,AEO,2026-04-13,18.08,20260414,2026-04-14T00:15:50.254493
american-casual,ANF,2026-04-13,93.3,20260414,2026-04-14T00:15:50.254493
american-casual,GAP,2026-04-13,25.28,20260414,2026-04-14T00:15:50.254493
american-casual,LEVI,2026-04-13,22.33,20260414,2026-04-14T00:15:50.254493
american-casual,URBN,2026-04-13,67.42,20260414,2026-04-14T00:15:50.254493
american-casual,VFC,2026-04-13,18.44,20260414,2026-04-14T00:15:50.254493
analog-semi-comm,QRVO,2026-04-13,79.77,20260414,2026-04-14T00:15:50.254493
analog-semi-comm,SWKS,2026-04-13,56.5,20260414,2026-04-14T00:15:50.254493
analog-semi-generic,ADI,2026-04-13,350.01,20260414,2026-04-14T00:15:50.254493
analog-semi-generic,DIOD,2026-04-13,88.26,20260414,2026-04-14T00:15:50.254493
analog-semi-generic,TXN,2026-04-13,216.71,20260414,2026-04-14T00:15:50.254493
analog-semi-power,MPWR,2026-04-13,1372.23,20260414,2026-04-14T00:15:50.254493
analog-semi-power,ON,2026-04-13,71.02,20260414,2026-04-14T00:15:50.254493
analog-semi-sensor,ALGM,2026-04-13,38.04,20260414,2026-04-14T00:15:50.254493
analog-semi-sensor,MCHP,2026-04-13,73.55,20260414,2026-04-14T00:15:50.254493
analog-semi-sensor,NXPI,2026-04-13,208.0,20260414,2026-04-14T00:15:50.254493
analog-semi-sensor,SLAB,2026-04-13,211.32,20260414,2026-04-14T00:15:50.254493
apple-intelligence,AAPL,2026-04-13,259.2,20260414,2026-04-14T00:15:50.254493
apple-intelligence,AMKR,2026-04-13,60.44,20260414,2026-04-14T00:15:50.254493
apple-intelligence,ARM,2026-04-13,157.58,20260414,2026-04-14T00:15:50.254493
apple-intelligence,GLW,2026-04-13,175.17,20260414,2026-04-14T00:15:50.254493
apple-intelligence,SWKS,2026-04-13,56.5,20260414,2026-04-14T00:15:50.254493
apple-intelligence,TSM,2026-04-13,369.57,20260414,2026-04-14T00:15:50.254493
auto-maintenance,AZO,2026-04-13,3514.47,20260414,2026-04-14T00:15:50.254493
auto-maintenance,GPC,2026-04-13,109.79,20260414,2026-04-14T00:15:50.254493
auto-maintenance,ORLY,2026-04-13,94.01,20260414,2026-04-14T00:15:50.254493
auto-parts,ALV,2026-04-13,110.38,20260414,2026-04-14T00:15:50.254493
auto-parts,APTV,2026-04-13,59.36,20260414,2026-04-14T00:15:50.254493
auto-parts,BWA,2026-04-13,53.56,20260414,2026-04-14T00:15:50.254493
auto-parts,GNTX,2026-04-13,22.13,20260414,2026-04-14T00:15:50.254493
auto-parts,LEA,2026-04-13,123.22,20260414,2026-04-14T00:15:50.254493
auto-parts,MGA,2026-04-13,58.26,20260414,2026-04-14T00:15:50.254493
autonomous,AMBA,2026-04-13,54.3,20260414,2026-04-14T00:15:50.254493
autonomous,AUR,2026-04-13,4.33,20260414,2026-04-14T00:15:50.254493
autonomous,MBLY,2026-04-13,7.47,20260414,2026-04-14T00:15:50.254493
autonomous,QCOM,2026-04-13,131.24,20260414,2026-04-14T00:15:50.254493
autonomous,TSLA,2026-04-13,352.42,20260414,2026-04-14T00:15:50.254493
battery-storage,EOSE,2026-04-13,6.16,20260414,2026-04-14T00:15:50.254493
battery-storage,FLNC,2026-04-13,13.65,20260414,2026-04-14T00:15:50.254493
battery-storage,GWH,2026-04-13,1.21,20260414,2026-04-14T00:15:50.254493
battery-storage,STEM,2026-04-13,9.65,20260414,2026-04-14T00:15:50.254493
beverages-diversified,CELH,2026-04-13,33.66,20260414,2026-04-14T00:15:50.254493
beverages-diversified,KDP,2026-04-13,26.04,20260414,2026-04-14T00:15:50.254493
beverages-diversified,KO,2026-04-13,76.41,20260414,2026-04-14T00:15:50.254493
beverages-diversified,MNST,2026-04-13,75.17,20260414,2026-04-14T00:15:50.254493
beverages-diversified,PEP,2026-04-13,155.88,20260414,2026-04-14T00:15:50.254493
biotech-diversified,ABBV,2026-04-13,206.47,20260414,2026-04-14T00:15:50.254493
biotech-diversified,AMGN,2026-04-13,349.82,20260414,2026-04-14T00:15:50.254493
biotech-diversified,BIIB,2026-04-13,176.37,20260414,2026-04-14T00:15:50.254493
biotech-diversified,GILD,2026-04-13,139.03,20260414,2026-04-14T00:15:50.254493
biotech-diversified,REGN,2026-04-13,746.46,20260414,2026-04-14T00:15:50.254493
biotech-genomics,ALNY,2026-04-13,333.0,20260414,2026-04-14T00:15:50.254493
biotech-genomics,CRSP,2026-04-13,54.83,20260414,2026-04-14T00:15:50.254493
biotech-genomics,INCY,2026-04-13,95.55,20260414,2026-04-14T00:15:50.254493
biotech-genomics,MRNA,2026-04-13,50.68,20260414,2026-04-14T00:15:50.254493
biotech-genomics,NTRA,2026-04-13,201.9,20260414,2026-04-14T00:15:50.254493
biotech-genomics,VKTX,2026-04-13,35.01,20260414,2026-04-14T00:15:50.254493
biotech-specialized,ARGX,2026-04-13,809.27,20260414,2026-04-14T00:15:50.254493
biotech-specialized,INSM,2026-04-13,151.14,20260414,2026-04-14T00:15:50.254493
biotech-specialized,VRTX,2026-04-13,440.05,20260414,2026-04-14T00:15:50.254493
bnpl,AFRM,2026-04-13,51.97,20260414,2026-04-14T00:15:50.254493
bnpl,KLAR,2026-04-13,13.96,20260414,2026-04-14T00:15:50.254493
bnpl,SEZL,2026-04-13,61.31,20260414,2026-04-14T00:15:50.254493
cable-tv,CHTR,2026-04-13,226.3,20260414,2026-04-14T00:15:50.254493
cable-tv,CMCSA,2026-04-13,28.05,20260414,2026-04-14T00:15:50.254493
cafe,BROS,2026-04-13,52.86,20260414,2026-04-14T00:15:50.254493
cafe,SBUX,2026-04-13,97.48,20260414,2026-04-14T00:15:50.254493
capital-equipment-leasing,AER,2026-04-13,148.6,20260414,2026-04-14T00:15:50.254493
capital-equipment-leasing,FTAI,2026-04-13,261.5,20260414,2026-04-14T00:15:50.254493
capital-equipment-leasing,GATX,2026-04-13,194.42,20260414,2026-04-14T00:15:50.254493
capital-equipment-leasing,TRN,2026-04-13,34.97,20260414,2026-04-14T00:15:50.254493
capital-equipment-leasing,URI,2026-04-13,779.53,20260414,2026-04-14T00:15:50.254493
cdn,AKAM,2026-04-13,94.94,20260414,2026-04-14T00:15:50.254493
cdn,FSLY,2026-04-13,24.37,20260414,2026-04-14T00:15:50.254493
cdn,NET,2026-04-13,184.02,20260414,2026-04-14T00:15:50.254493
china-ai,BABA,2026-04-13,128.01,20260414,2026-04-14T00:15:50.254493
china-ai,BIDU,2026-04-13,112.01,20260414,2026-04-14T00:15:50.254493
china-ai,GDS,2026-04-13,41.77,20260414,2026-04-14T00:15:50.254493
china-ai,KC,2026-04-13,16.08,20260414,2026-04-14T00:15:50.254493
china-ai,VNET,2026-04-13,8.44,20260414,2026-04-14T00:15:50.254493
chinese-ev,LI,2026-04-13,18.78,20260414,2026-04-14T00:15:50.254493
chinese-ev,NIO,2026-04-13,6.47,20260414,2026-04-14T00:15:50.254493
chinese-ev,XPEV,2026-04-13,17.47,20260414,2026-04-14T00:15:50.254493
coking-coal,AMR,2026-04-13,194.09,20260414,2026-04-14T00:15:50.254493
coking-coal,BTU,2026-04-13,28.48,20260414,2026-04-14T00:15:50.254493
coking-coal,CNR,2026-04-13,89.7,20260414,2026-04-14T00:15:50.254493
coking-coal,HCC,2026-04-13,87.79,20260414,2026-04-14T00:15:50.254493
coking-coal,METC,2026-04-13,13.96,20260414,2026-04-14T00:15:50.254493
coking-coal,SXC,2026-04-13,6.33,20260414,2026-04-14T00:15:50.254493
commodity-chemicals,DOW,2026-04-13,40.11,20260414,2026-04-14T00:15:50.254493
commodity-chemicals,LYB,2026-04-13,75.51,20260414,2026-04-14T00:15:50.254493
confectionery,HSY,2026-04-13,197.61,20260414,2026-04-14T00:15:50.254493
confectionery,MDLZ,2026-04-13,57.68,20260414,2026-04-14T00:15:50.254493
confectionery,PEP,2026-04-13,155.88,20260414,2026-04-14T00:15:50.254493
consulting,ACN,2026-04-13,191.95,20260414,2026-04-14T00:15:50.254493
consulting,BAH,2026-04-13,81.81,20260414,2026-04-14T00:15:50.254493
consulting,CTSH,2026-04-13,60.53,20260414,2026-04-14T00:15:50.254493
consulting,IBM,2026-04-13,237.82,20260414,2026-04-14T00:15:50.254493
consumer-lending,AFRM,2026-04-13,51.97,20260414,2026-04-14T00:15:50.254493
consumer-lending,ALLY,2026-04-13,41.94,20260414,2026-04-14T00:15:50.254493
consumer-lending,AXP,2026-04-13,323.82,20260414,2026-04-14T00:15:50.254493
consumer-lending,COF,2026-04-13,197.55,20260414,2026-04-14T00:15:50.254493
consumer-lending,FCFS,2026-04-13,204.49,20260414,2026-04-14T00:15:50.254493
consumer-lending,KLAR,2026-04-13,13.96,20260414,2026-04-14T00:15:50.254493
consumer-lending,OMF,2026-04-13,56.85,20260414,2026-04-14T00:15:50.254493
consumer-lending,SLM,2026-04-13,21.95,20260414,2026-04-14T00:15:50.254493
consumer-lending,SYF,2026-04-13,73.79,20260414,2026-04-14T00:15:50.254493
consumer-lending,UPST,2026-04-13,28.06,20260414,2026-04-14T00:15:50.254493
consumer-staples,CHD,2026-04-13,95.03,20260414,2026-04-14T00:15:50.254493
consumer-staples,CL,2026-04-13,83.98,20260414,2026-04-14T00:15:50.254493
consumer-staples,CLX,2026-04-13,103.39,20260414,2026-04-14T00:15:50.254493
consumer-staples,HLN,2026-04-13,9.83,20260414,2026-04-14T00:15:50.254493
consumer-staples,KMB,2026-04-13,96.6,20260414,2026-04-14T00:15:50.254493
consumer-staples,KVUE,2026-04-13,17.26,20260414,2026-04-14T00:15:50.254493
consumer-staples,PG,2026-04-13,143.58,20260414,2026-04-14T00:15:50.254493
consumer-staples,REYN,2026-04-13,21.83,20260414,2026-04-14T00:15:50.254493
consumer-staples,UL,2026-04-13,58.23,20260414,2026-04-14T00:15:50.254493
content-studios,CMCSA,2026-04-13,28.05,20260414,2026-04-14T00:15:50.254493
content-studios,DIS,2026-04-13,101.18,20260414,2026-04-14T00:15:50.254493
content-studios,FOXA,2026-04-13,62.45,20260414,2026-04-14T00:15:50.254493
content-studios,NWS,2026-04-13,28.83,20260414,2026-04-14T00:15:50.254493
copper-mining,ERO,2026-04-13,32.12,20260414,2026-04-14T00:15:50.254493
copper-mining,FCX,2026-04-13,68.03,20260414,2026-04-14T00:15:50.254493
copper-mining,HBM,2026-04-13,24.41,20260414,2026-04-14T00:15:50.254493
copper-mining,IE,2026-04-13,13.5,20260414,2026-04-14T00:15:50.254493
copper-mining,SCCO,2026-04-13,196.38,20260414,2026-04-14T00:15:50.254493
copper-mining,TECK,2026-04-13,57.4,20260414,2026-04-14T00:15:50.254493
copper-mining,TGB,2026-04-13,7.39,20260414,2026-04-14T00:15:50.254493
copper-mining,TMQ,2026-04-13,4.08,20260414,2026-04-14T00:15:50.254493
corrugated-paper-packaging,GPK,2026-04-13,9.8,20260414,2026-04-14T00:15:50.254493
corrugated-paper-packaging,IP,2026-04-13,36.65,20260414,2026-04-14T00:15:50.254493
corrugated-paper-packaging,PKG,2026-04-13,210.48,20260414,2026-04-14T00:15:50.254493
corrugated-paper-packaging,SON,2026-04-13,54.94,20260414,2026-04-14T00:15:50.254493
corrugated-paper-packaging,SW,2026-04-13,42.11,20260414,2026-04-14T00:15:50.254493
cosmetics-personal-care,EL,2026-04-13,74.55,20260414,2026-04-14T00:15:50.254493
cosmetics-personal-care,ELF,2026-04-13,65.62,20260414,2026-04-14T00:15:50.254493
cosmetics-personal-care,KVUE,2026-04-13,17.26,20260414,2026-04-14T00:15:50.254493
cosmetics-personal-care,PG,2026-04-13,143.58,20260414,2026-04-14T00:15:50.254493
cosmetics-personal-care,ULTA,2026-04-13,526.76,20260414,2026-04-14T00:15:50.254493
cpu,AMD,2026-04-13,246.83,20260414,2026-04-14T00:15:50.254493
cpu,ARM,2026-04-13,157.58,20260414,2026-04-14T00:15:50.254493
cpu,INTC,2026-04-13,65.18,20260414,2026-04-14T00:15:50.254493
cruise-lines,CCL,2026-04-13,27.75,20260414,2026-04-14T00:15:50.254493
cruise-lines,NCLH,2026-04-13,20.26,20260414,2026-04-14T00:15:50.254493
cruise-lines,RCL,2026-04-13,282.41,20260414,2026-04-14T00:15:50.254493
cruise-lines,VIK,2026-04-13,78.21,20260414,2026-04-14T00:15:50.254493
crypto,BLSH,2026-04-13,38.96,20260414,2026-04-14T00:15:50.254493
crypto,CLSK,2026-04-13,10.76,20260414,2026-04-14T00:15:50.254493
crypto,COIN,2026-04-13,174.53,20260414,2026-04-14T00:15:50.254493
crypto,CRCL,2026-04-13,98.68,20260414,2026-04-14T00:15:50.254493
crypto,FIGR,2026-04-13,35.97,20260414,2026-04-14T00:15:50.254493
crypto,MARA,2026-04-13,10.36,20260414,2026-04-14T00:15:50.254493
crypto,MSTR,2026-04-13,132.36,20260414,2026-04-14T00:15:50.254493
crypto,XYZ,2026-04-13,64.22,20260414,2026-04-14T00:15:50.254493
custom-ai-chips,AMKR,2026-04-13,60.44,20260414,2026-04-14T00:15:50.254493
custom-ai-chips,ARM,2026-04-13,157.58,20260414,2026-04-14T00:15:50.254493
custom-ai-chips,ASX,2026-04-13,26.55,20260414,2026-04-14T00:15:50.254493
custom-ai-chips,AVGO,2026-04-13,379.75,20260414,2026-04-14T00:15:50.254493
custom-ai-chips,MRVL,2026-04-13,131.3,20260414,2026-04-14T00:15:50.254493
custom-ai-chips,TSM,2026-04-13,369.57,20260414,2026-04-14T00:15:50.254493
cybersecurity-cloud,NET,2026-04-13,184.02,20260414,2026-04-14T00:15:50.254493
cybersecurity-cloud,ZS,2026-04-13,122.62,20260414,2026-04-14T00:15:50.254493
cybersecurity-data,CVLT,2026-04-13,89.62,20260414,2026-04-14T00:15:50.254493
cybersecurity-data,RBRK,2026-04-13,48.61,20260414,2026-04-14T00:15:50.254493
cybersecurity-end,CRWD,2026-04-13,402.24,20260414,2026-04-14T00:15:50.254493
cybersecurity-end,S,2026-04-13,12.79,20260414,2026-04-14T00:15:50.254493
cybersecurity-gen,CHKP,2026-04-13,142.1,20260414,2026-04-14T00:15:50.254493
cybersecurity-gen,FTNT,2026-04-13,78.74,20260414,2026-04-14T00:15:50.254493
cybersecurity-gen,PANW,2026-04-13,162.51,20260414,2026-04-14T00:15:50.254493
cybersecurity-other,DDOG,2026-04-13,110.08,20260414,2026-04-14T00:15:50.254493
cybersecurity-other,DT,2026-04-13,33.75,20260414,2026-04-14T00:15:50.254493
cybersecurity-other,OKTA,2026-04-13,65.46,20260414,2026-04-14T00:15:50.254493
cybersecurity-other,TENB,2026-04-13,17.41,20260414,2026-04-14T00:15:50.254493
data-storage,MU,2026-04-13,426.56,20260414,2026-04-14T00:15:50.254493
data-storage,SNDK,2026-04-13,952.5,20260414,2026-04-14T00:15:50.254493
data-storage,STX,2026-04-13,513.28,20260414,2026-04-14T00:15:50.254493
data-storage,WDC,2026-04-13,350.16,20260414,2026-04-14T00:15:50.254493
dc-optical-device,AAOI,2026-04-13,153.19,20260414,2026-04-14T00:15:50.254493
dc-optical-device,CIEN,2026-04-13,479.9,20260414,2026-04-14T00:15:50.254493
dc-optical-device,COHR,2026-04-13,307.93,20260414,2026-04-14T00:15:50.254493
dc-optical-device,GLW,2026-04-13,175.17,20260414,2026-04-14T00:15:50.254493
dc-optical-device,KEYS,2026-04-13,331.11,20260414,2026-04-14T00:15:50.254493
dc-optical-device,LITE,2026-04-13,871.18,20260414,2026-04-14T00:15:50.254493
dc-optical-device,POET,2026-04-13,7.3,20260414,2026-04-14T00:15:50.254493
dc-optical-device,SITM,2026-04-13,447.08,20260414,2026-04-14T00:15:50.254493
dc-optical-device,VIAV,2026-04-13,41.48,20260414,2026-04-14T00:15:50.254493
dc-optical-ems,AAOI,2026-04-13,153.19,20260414,2026-04-14T00:15:50.254493
dc-optical-ems,COHR,2026-04-13,307.93,20260414,2026-04-14T00:15:50.254493
dc-optical-ems,FN,2026-04-13,689.89,20260414,2026-04-14T00:15:50.254493
dc-optical-ems,MRVL,2026-04-13,131.3,20260414,2026-04-14T00:15:50.254493
dc-optical-ems,MTSI,2026-04-13,263.63,20260414,2026-04-14T00:15:50.254493
dc-optical-semi,ANET,2026-04-13,152.02,20260414,2026-04-14T00:15:50.254493
dc-optical-semi,AVGO,2026-04-13,379.75,20260414,2026-04-14T00:15:50.254493
dc-optical-semi,CLS,2026-04-13,365.46,20260414,2026-04-14T00:15:50.254493
dc-optical-semi,CSCO,2026-04-13,82.35,20260414,2026-04-14T00:15:50.254493
dc-optical-semi,HPE,2026-04-13,24.81,20260414,2026-04-14T00:15:50.254493
dc-optical-semi,MRVL,2026-04-13,131.3,20260414,2026-04-14T00:15:50.254493
dc-rack-connect,ALAB,2026-04-13,166.79,20260414,2026-04-14T00:15:50.254493
dc-rack-connect,APH,2026-04-13,145.27,20260414,2026-04-14T00:15:50.254493
dc-rack-connect,CRDO,2026-04-13,134.36,20260414,2026-04-14T00:15:50.254493
dc-transformer,ETN,2026-04-13,403.36,20260414,2026-04-14T00:15:50.254493
dc-transformer,GEV,2026-04-13,991.12,20260414,2026-04-14T00:15:50.254493
dc-transformer,HUBB,2026-04-13,539.79,20260414,2026-04-14T00:15:50.254493
dc-transformer,POWL,2026-04-13,228.99,20260414,2026-04-14T00:15:50.254493
defence-comm,ATRO,2026-04-13,74.33,20260414,2026-04-14T00:15:50.254493
defence-comm,CTS,2026-04-13,55.57,20260414,2026-04-14T00:15:50.254493
defence-comm,CW,2026-04-13,734.01,20260414,2026-04-14T00:15:50.254493
defence-comm,KE,2026-04-13,26.28,20260414,2026-04-14T00:15:50.254493
defence-comm,LHX,2026-04-13,357.95,20260414,2026-04-14T00:15:50.254493
defence-comm,MRCY,2026-04-13,82.52,20260414,2026-04-14T00:15:50.254493
defence-comm,SKYT,2026-04-13,29.1,20260414,2026-04-14T00:15:50.254493
defence-engine,BWXT,2026-04-13,232.83,20260414,2026-04-14T00:15:50.254493
defence-engine,GE,2026-04-13,311.9,20260414,2026-04-14T00:15:50.254493
defence-engine,WWD,2026-04-13,399.23,20260414,2026-04-14T00:15:50.254493
defence-general,BA,2026-04-13,222.14,20260414,2026-04-14T00:15:50.254493
defence-general,GD,2026-04-13,340.76,20260414,2026-04-14T00:15:50.254493
defence-general,HII,2026-04-13,394.46,20260414,2026-04-14T00:15:50.254493
defence-general,LMT,2026-04-13,619.69,20260414,2026-04-14T00:15:50.254493
defence-general,NOC,2026-04-13,681.31,20260414,2026-04-14T00:15:50.254493
defence-general,RTX,2026-04-13,201.41,20260414,2026-04-14T00:15:50.254493
defence-general,TXT,2026-04-13,93.11,20260414,2026-04-14T00:15:50.254493
defence-maintenance,AIR,2026-04-13,123.77,20260414,2026-04-14T00:15:50.254493
defence-maintenance,HEI,2026-04-13,293.79,20260414,2026-04-14T00:15:50.254493
defence-maintenance,LOAR,2026-04-13,66.1,20260414,2026-04-14T00:15:50.254493
defence-maintenance,TDG,2026-04-13,1233.11,20260414,2026-04-14T00:15:50.254493
defence-maintenance,VSEC,2026-04-13,214.64,20260414,2026-04-14T00:15:50.254493
defence-parts,ATI,2026-04-13,163.78,20260414,2026-04-14T00:15:50.254493
defence-parts,DCO,2026-04-13,141.03,20260414,2026-04-14T00:15:50.254493
defence-parts,HWM,2026-04-13,256.14,20260414,2026-04-14T00:15:50.254493
defence-parts,HXL,2026-04-13,84.17,20260414,2026-04-14T00:15:50.254493
defence-service,AMTM,2026-04-13,27.57,20260414,2026-04-14T00:15:50.254493
defence-service,BAH,2026-04-13,81.81,20260414,2026-04-14T00:15:50.254493
defence-service,CACI,2026-04-13,539.84,20260414,2026-04-14T00:15:50.254493
defence-service,KBR,2026-04-13,36.89,20260414,2026-04-14T00:15:50.254493
defence-service,LDOS,2026-04-13,157.59,20260414,2026-04-14T00:15:50.254493
defence-service,PLTR,2026-04-13,132.37,20260414,2026-04-14T00:15:50.254493
defence-service,PSN,2026-04-13,56.13,20260414,2026-04-14T00:15:50.254493
defence-service,VSEC,2026-04-13,214.64,20260414,2026-04-14T00:15:50.254493
defence-service,VVX,2026-04-13,69.42,20260414,2026-04-14T00:15:50.254493
delivery,CART,2026-04-13,39.98,20260414,2026-04-14T00:15:50.254493
delivery,DASH,2026-04-13,159.61,20260414,2026-04-14T00:15:50.254493
delivery,UBER,2026-04-13,72.34,20260414,2026-04-14T00:15:50.254493
dining,DRI,2026-04-13,191.89,20260414,2026-04-14T00:15:50.254493
dining,TXRH,2026-04-13,162.48,20260414,2026-04-14T00:15:50.254493
discount-apparel,BURL,2026-04-13,332.39,20260414,2026-04-14T00:15:50.254493
discount-apparel,OLLI,2026-04-13,91.69,20260414,2026-04-14T00:15:50.254493
discount-apparel,ROST,2026-04-13,220.95,20260414,2026-04-14T00:15:50.254493
discount-apparel,TJX,2026-04-13,159.33,20260414,2026-04-14T00:15:50.254493
diversified-industrials,DOV,2026-04-13,219.24,20260414,2026-04-14T00:15:50.254493
diversified-industrials,EMR,2026-04-13,144.46,20260414,2026-04-14T00:15:50.254493
diversified-industrials,ETN,2026-04-13,403.36,20260414,2026-04-14T00:15:50.254493
diversified-industrials,HON,2026-04-13,233.64,20260414,2026-04-14T00:15:50.254493
diversified-industrials,ITW,2026-04-13,274.51,20260414,2026-04-14T00:15:50.254493
diversified-industrials,PH,2026-04-13,989.49,20260414,2026-04-14T00:15:50.254493
diversified-industrials,TXT,2026-04-13,93.11,20260414,2026-04-14T00:15:50.254493
diversified-resources,BHP,2026-04-13,78.1,20260414,2026-04-14T00:15:50.254493
diversified-resources,RIO,2026-04-13,99.2,20260414,2026-04-14T00:15:50.254493
diversified-resources,VALE,2026-04-13,17.45,20260414,2026-04-14T00:15:50.254493
dividend,ABBV,2026-04-13,206.47,20260414,2026-04-14T00:15:50.254493
dividend,AMGN,2026-04-13,349.82,20260414,2026-04-14T00:15:50.254493
dividend,BMY,2026-04-13,58.06,20260414,2026-04-14T00:15:50.254493
dividend,COP,2026-04-13,123.62,20260414,2026-04-14T00:15:50.254493
dividend,CVX,2026-04-13,191.78,20260414,2026-04-14T00:15:50.254493
dividend,LMT,2026-04-13,619.69,20260414,2026-04-14T00:15:50.254493
dividend,MRK,2026-04-13,120.15,20260414,2026-04-14T00:15:50.254493
dividend,TXN,2026-04-13,216.71,20260414,2026-04-14T00:15:50.254493
dividend,VZ,2026-04-13,45.42,20260414,2026-04-14T00:15:50.254493
dollar-store,DG,2026-04-13,119.26,20260414,2026-04-14T00:15:50.254493
dollar-store,DLTR,2026-04-13,102.13,20260414,2026-04-14T00:15:50.254493
drilling-equipment,FTI,2026-04-13,75.03,20260414,2026-04-14T00:15:50.254493
drilling-equipment,NOV,2026-04-13,19.63,20260414,2026-04-14T00:15:50.254493
drilling-equipment,TS,2026-04-13,60.35,20260414,2026-04-14T00:15:50.254493
drilling-services,BKR,2026-04-13,62.56,20260414,2026-04-14T00:15:50.254493
drilling-services,HAL,2026-04-13,38.61,20260414,2026-04-14T00:15:50.254493
drilling-services,SLB,2026-04-13,51.92,20260414,2026-04-14T00:15:50.254493
drilling-services,WFRD,2026-04-13,103.64,20260414,2026-04-14T00:15:50.254493
drones,AVAV,2026-04-13,194.39,20260414,2026-04-14T00:15:50.254493
drones,DPRO,2026-04-13,5.45,20260414,2026-04-14T00:15:50.254493
drones,KRMN,2026-04-13,87.79,20260414,2026-04-14T00:15:50.254493
drones,KTOS,2026-04-13,73.55,20260414,2026-04-14T00:15:50.254493
drones,MRCY,2026-04-13,82.52,20260414,2026-04-14T00:15:50.254493
drones,ONDS,2026-04-13,9.47,20260414,2026-04-14T00:15:50.254493
drones,RCAT,2026-04-13,12.9,20260414,2026-04-14T00:15:50.254493
eVTOL,ACHR,2026-04-13,5.45,20260414,2026-04-14T00:15:50.254493
eVTOL,EVEX,2026-04-13,2.69,20260414,2026-04-14T00:15:50.254493
eVTOL,EVTL,2026-04-13,2.44,20260414,2026-04-14T00:15:50.254493
eVTOL,JOBY,2026-04-13,8.52,20260414,2026-04-14T00:15:50.254493
eVTOL,VTOL,2026-04-13,50.01,20260414,2026-04-14T00:15:50.254493
earth-observation,BKSY,2026-04-13,34.79,20260414,2026-04-14T00:15:50.254493
earth-observation,PL,2026-04-13,34.32,20260414,2026-04-14T00:15:50.254493
earth-observation,SATL,2026-04-13,7.55,20260414,2026-04-14T00:15:50.254493
earth-observation,SPIR,2026-04-13,23.14,20260414,2026-04-14T00:15:50.254493
environmental-waste,CLH,2026-04-13,303.6,20260414,2026-04-14T00:15:50.254493
environmental-waste,GFL,2026-04-13,38.95,20260414,2026-04-14T00:15:50.254493
environmental-waste,RSG,2026-04-13,213.48,20260414,2026-04-14T00:15:50.254493
environmental-waste,VLTO,2026-04-13,90.85,20260414,2026-04-14T00:15:50.254493
environmental-waste,WCN,2026-04-13,161.71,20260414,2026-04-14T00:15:50.254493
environmental-waste,WM,2026-04-13,231.0,20260414,2026-04-14T00:15:50.254493
facility-equipment,ALLE,2026-04-13,147.21,20260414,2026-04-14T00:15:50.254493
facility-equipment,APG,2026-04-13,44.82,20260414,2026-04-14T00:15:50.254493
facility-equipment,AYI,2026-04-13,282.23,20260414,2026-04-14T00:15:50.254493
facility-equipment,JCI,2026-04-13,142.82,20260414,2026-04-14T00:15:50.254493
facility-equipment,OTIS,2026-04-13,81.77,20260414,2026-04-14T00:15:50.254493
facility-equipment,XYL,2026-04-13,128.85,20260414,2026-04-14T00:15:50.254493
facility-sanitation,CTAS,2026-04-13,175.68,20260414,2026-04-14T00:15:50.254493
facility-sanitation,ROL,2026-04-13,54.66,20260414,2026-04-14T00:15:50.254493
facility-sanitation,RTO,2026-04-13,33.34,20260414,2026-04-14T00:15:50.254493
fast-casual,CMG,2026-04-13,34.59,20260414,2026-04-14T00:15:50.254493
fast-casual,SHAK,2026-04-13,100.65,20260414,2026-04-14T00:15:50.254493
fast-food,DPZ,2026-04-13,368.83,20260414,2026-04-14T00:15:50.254493
fast-food,MCD,2026-04-13,304.51,20260414,2026-04-14T00:15:50.254493
fast-food,QSR,2026-04-13,77.51,20260414,2026-04-14T00:15:50.254493
fast-food,WEN,2026-04-13,6.7,20260414,2026-04-14T00:15:50.254493
fast-food,WING,2026-04-13,186.31,20260414,2026-04-14T00:15:50.254493
fast-food,YUM,2026-04-13,161.43,20260414,2026-04-14T00:15:50.254493
food-agriculture,CF,2026-04-13,121.68,20260414,2026-04-14T00:15:50.254493
food-agriculture,CTVA,2026-04-13,83.51,20260414,2026-04-14T00:15:50.254493
food-agriculture,NTR,2026-04-13,74.38,20260414,2026-04-14T00:15:50.254493
food-wholesale,PFGC,2026-04-13,88.25,20260414,2026-04-14T00:15:50.254493
food-wholesale,SYY,2026-04-13,73.36,20260414,2026-04-14T00:15:50.254493
food-wholesale,USFD,2026-04-13,91.39,20260414,2026-04-14T00:15:50.254493
foundry,AMKR,2026-04-13,60.44,20260414,2026-04-14T00:15:50.254493
foundry,ASX,2026-04-13,26.55,20260414,2026-04-14T00:15:50.254493
foundry,GFS,2026-04-13,49.03,20260414,2026-04-14T00:15:50.254493
foundry,INTC,2026-04-13,65.18,20260414,2026-04-14T00:15:50.254493
foundry,SKYT,2026-04-13,29.1,20260414,2026-04-14T00:15:50.254493
foundry,TSEM,2026-04-13,209.47,20260414,2026-04-14T00:15:50.254493
foundry,TSM,2026-04-13,369.57,20260414,2026-04-14T00:15:50.254493
foundry,UMC,2026-04-13,9.7,20260414,2026-04-14T00:15:50.254493
gas-fracking,ACDC,2026-04-13,6.0,20260414,2026-04-14T00:15:50.254493
gas-fracking,HP,2026-04-13,35.74,20260414,2026-04-14T00:15:50.254493
gas-fracking,LBRT,2026-04-13,27.88,20260414,2026-04-14T00:15:50.254493
gas-fracking,PTEN,2026-04-13,10.56,20260414,2026-04-14T00:15:50.254493
gas-fracking,PUMP,2026-04-13,13.92,20260414,2026-04-14T00:15:50.254493
gas-utilities,ATO,2026-04-13,187.75,20260414,2026-04-14T00:15:50.254493
gas-utilities,BIPC,2026-04-13,42.22,20260414,2026-04-14T00:15:50.254493
gas-utilities,MDU,2026-04-13,21.69,20260414,2026-04-14T00:15:50.254493
gas-utilities,NFG,2026-04-13,91.24,20260414,2026-04-14T00:15:50.254493
gas-utilities,NI,2026-04-13,47.19,20260414,2026-04-14T00:15:50.254493
gas-utilities,NJR,2026-04-13,55.98,20260414,2026-04-14T00:15:50.254493
gas-utilities,OGS,2026-04-13,88.44,20260414,2026-04-14T00:15:50.254493
gas-utilities,SR,2026-04-13,92.39,20260414,2026-04-14T00:15:50.254493
gas-utilities,SRE,2026-04-13,96.23,20260414,2026-04-14T00:15:50.254493
gas-utilities,SWX,2026-04-13,91.39,20260414,2026-04-14T00:15:50.254493
gas-utilities,UGI,2026-04-13,37.58,20260414,2026-04-14T00:15:50.254493
gold-mining,AEM,2026-04-13,217.38,20260414,2026-04-14T00:15:50.254493
gold-mining,AGI,2026-04-13,48.19,20260414,2026-04-14T00:15:50.254493
gold-mining,AU,2026-04-13,109.12,20260414,2026-04-14T00:15:50.254493
gold-mining,B,2026-04-13,43.02,20260414,2026-04-14T00:15:50.254493
gold-mining,CDE,2026-04-13,20.31,20260414,2026-04-14T00:15:50.254493
gold-mining,FNV,2026-04-13,260.03,20260414,2026-04-14T00:15:50.254493
gold-mining,GFI,2026-04-13,48.96,20260414,2026-04-14T00:15:50.254493
gold-mining,HL,2026-04-13,19.27,20260414,2026-04-14T00:15:50.254493
gold-mining,HMY,2026-04-13,16.55,20260414,2026-04-14T00:15:50.254493
gold-mining,IAG,2026-04-13,20.2,20260414,2026-04-14T00:15:50.254493
gold-mining,KGC,2026-04-13,33.58,20260414,2026-04-14T00:15:50.254493
gold-mining,NEM,2026-04-13,116.5,20260414,2026-04-14T00:15:50.254493
gold-mining,RGLD,2026-04-13,264.47,20260414,2026-04-14T00:15:50.254493
gold-mining,WPM,2026-04-13,144.83,20260414,2026-04-14T00:15:50.254493
government-dx,AXON,2026-04-13,359.63,20260414,2026-04-14T00:15:50.254493
government-dx,MSI,2026-04-13,439.91,20260414,2026-04-14T00:15:50.254493
government-dx,TYL,2026-04-13,320.85,20260414,2026-04-14T00:15:50.254493
graphite,EAF,2026-04-13,7.77,20260414,2026-04-14T00:15:50.254493
graphite,NMG,2026-04-13,1.8,20260414,2026-04-14T00:15:50.254493
graphite,NVX,2026-04-13,0.73,20260414,2026-04-14T00:15:50.254493
graphite,WWR,2026-04-13,0.63,20260414,2026-04-14T00:15:50.254493
grocery-retail,COST,2026-04-13,980.85,20260414,2026-04-14T00:15:50.254493
grocery-retail,KR,2026-04-13,68.03,20260414,2026-04-14T00:15:50.254493
grocery-retail,TGT,2026-04-13,117.88,20260414,2026-04-14T00:15:50.254493
grocery-retail,WMT,2026-04-13,124.57,20260414,2026-04-14T00:15:50.254493
health-insurance-services,CI,2026-04-13,275.12,20260414,2026-04-14T00:15:50.254493
health-insurance-services,CNC,2026-04-13,37.47,20260414,2026-04-14T00:15:50.254493
health-insurance-services,CVS,2026-04-13,78.09,20260414,2026-04-14T00:15:50.254493
health-insurance-services,ELV,2026-04-13,316.07,20260414,2026-04-14T00:15:50.254493
health-insurance-services,HUM,2026-04-13,198.23,20260414,2026-04-14T00:15:50.254493
health-insurance-services,UNH,2026-04-13,313.0,20260414,2026-04-14T00:15:50.254493
heat-infra,CARR,2026-04-13,64.32,20260414,2026-04-14T00:15:50.254493
heat-infra,FLEX,2026-04-13,78.31,20260414,2026-04-14T00:15:50.254493
heat-infra,MOD,2026-04-13,256.99,20260414,2026-04-14T00:15:50.254493
heat-infra,NVT,2026-04-13,133.16,20260414,2026-04-14T00:15:50.254493
heat-infra,TT,2026-04-13,472.94,20260414,2026-04-14T00:15:50.254493
heat-infra,VRT,2026-04-13,299.96,20260414,2026-04-14T00:15:50.254493
high-pe,AXON,2026-04-13,359.63,20260414,2026-04-14T00:15:50.254493
high-pe,COST,2026-04-13,980.85,20260414,2026-04-14T00:15:50.254493
high-pe,CRWD,2026-04-13,402.24,20260414,2026-04-14T00:15:50.254493
high-pe,PLTR,2026-04-13,132.37,20260414,2026-04-14T00:15:50.254493
high-pe,WMT,2026-04-13,124.57,20260414,2026-04-14T00:15:50.254493
home-distribution,BLDR,2026-04-13,87.53,20260414,2026-04-14T00:15:50.254493
home-distribution,FND,2026-04-13,50.2,20260414,2026-04-14T00:15:50.254493
home-distribution,HD,2026-04-13,341.16,20260414,2026-04-14T00:15:50.254493
home-distribution,LOW,2026-04-13,247.08,20260414,2026-04-14T00:15:50.254493
home-distribution,TSCO,2026-04-13,45.44,20260414,2026-04-14T00:15:50.254493
home-exterior,CSL,2026-04-13,356.83,20260414,2026-04-14T00:15:50.254493
home-exterior,JHX,2026-04-13,21.15,20260414,2026-04-14T00:15:50.254493
home-exterior,OC,2026-04-13,118.33,20260414,2026-04-14T00:15:50.254493
home-exterior,POOL,2026-04-13,217.33,20260414,2026-04-14T00:15:50.254493
home-exterior,SHW,2026-04-13,334.38,20260414,2026-04-14T00:15:50.254493
home-exterior,WMS,2026-04-13,152.05,20260414,2026-04-14T00:15:50.254493
home-interior,ALLE,2026-04-13,147.21,20260414,2026-04-14T00:15:50.254493
home-interior,FBIN,2026-04-13,40.48,20260414,2026-04-14T00:15:50.254493
home-interior,MAS,2026-04-13,64.31,20260414,2026-04-14T00:15:50.254493
home-interior,REZI,2026-04-13,38.23,20260414,2026-04-14T00:15:50.254493
home-interior,SWK,2026-04-13,72.35,20260414,2026-04-14T00:15:50.254493
homebuilders,DHI,2026-04-13,144.33,20260414,2026-04-14T00:15:50.254493
homebuilders,KBH,2026-04-13,52.0,20260414,2026-04-14T00:15:50.254493
homebuilders,LEN,2026-04-13,89.79,20260414,2026-04-14T00:15:50.254493
homebuilders,MTH,2026-04-13,66.4,20260414,2026-04-14T00:15:50.254493
homebuilders,NVR,2026-04-13,6781.69,20260414,2026-04-14T00:15:50.254493
homebuilders,PHM,2026-04-13,121.75,20260414,2026-04-14T00:15:50.254493
homebuilders,TMHC,2026-04-13,60.3,20260414,2026-04-14T00:15:50.254493
homebuilders,TOL,2026-04-13,141.31,20260414,2026-04-14T00:15:50.254493
hospital-operators,CAH,2026-04-13,214.18,20260414,2026-04-14T00:15:50.254493
hospital-operators,COR,2026-04-13,319.12,20260414,2026-04-14T00:15:50.254493
hospital-operators,DVA,2026-04-13,151.56,20260414,2026-04-14T00:15:50.254493
hospital-operators,EHC,2026-04-13,107.56,20260414,2026-04-14T00:15:50.254493
hospital-operators,HCA,2026-04-13,497.42,20260414,2026-04-14T00:15:50.254493
hospital-operators,THC,2026-04-13,192.99,20260414,2026-04-14T00:15:50.254493
hospital-operators,UHS,2026-04-13,183.2,20260414,2026-04-14T00:15:50.254493
hotels-resorts,H,2026-04-13,159.2,20260414,2026-04-14T00:15:50.254493
hotels-resorts,HLT,2026-04-13,327.26,20260414,2026-04-14T00:15:50.254493
hotels-resorts,IHG,2026-04-13,141.74,20260414,2026-04-14T00:15:50.254493
hotels-resorts,MAR,2026-04-13,359.56,20260414,2026-04-14T00:15:50.254493
hotels-resorts,WH,2026-04-13,85.91,20260414,2026-04-14T00:15:50.254493
housing-equipment-trading,FERG,2026-04-13,258.45,20260414,2026-04-14T00:15:50.254493
housing-equipment-trading,POOL,2026-04-13,217.33,20260414,2026-04-14T00:15:50.254493
housing-equipment-trading,QXO,2026-04-13,22.2,20260414,2026-04-14T00:15:50.254493
housing-equipment-trading,SITE,2026-04-13,137.76,20260414,2026-04-14T00:15:50.254493
housing-equipment-trading,WSO,2026-04-13,416.27,20260414,2026-04-14T00:15:50.254493
housing-infrastructure,PPG,2026-04-13,110.23,20260414,2026-04-14T00:15:50.254493
housing-infrastructure,SHW,2026-04-13,334.38,20260414,2026-04-14T00:15:50.254493
humanoid-bones,ADI,2026-04-13,350.01,20260414,2026-04-14T00:15:50.254493
humanoid-bones,ALGM,2026-04-13,38.04,20260414,2026-04-14T00:15:50.254493
humanoid-bones,HXL,2026-04-13,84.17,20260414,2026-04-14T00:15:50.254493
humanoid-bones,ON,2026-04-13,71.02,20260414,2026-04-14T00:15:50.254493
humanoid-bones,RRX,2026-04-13,210.01,20260414,2026-04-14T00:15:50.254493
humanoid-bones,TEL,2026-04-13,234.33,20260414,2026-04-14T00:15:50.254493
humanoid-brain,NVDA,2026-04-13,189.31,20260414,2026-04-14T00:15:50.254493
humanoid-brain,QCOM,2026-04-13,131.24,20260414,2026-04-14T00:15:50.254493
humanoid-brain,TSLA,2026-04-13,352.42,20260414,2026-04-14T00:15:50.254493
humanoid-eyes,ARBE,2026-04-13,0.67,20260414,2026-04-14T00:15:50.254493
humanoid-eyes,CGNX,2026-04-13,54.39,20260414,2026-04-14T00:15:50.254493
humanoid-eyes,OUST,2026-04-13,21.88,20260414,2026-04-14T00:15:50.254493
hvac,CARR,2026-04-13,64.32,20260414,2026-04-14T00:15:50.254493
hvac,LII,2026-04-13,517.88,20260414,2026-04-14T00:15:50.254493
hvac,TT,2026-04-13,472.94,20260414,2026-04-14T00:15:50.254493
hyperscalers,AMZN,2026-04-13,239.89,20260414,2026-04-14T00:15:50.254493
hyperscalers,GOOGL,2026-04-13,321.31,20260414,2026-04-14T00:15:50.254493
hyperscalers,META,2026-04-13,634.53,20260414,2026-04-14T00:15:50.254493
hyperscalers,MSFT,2026-04-13,384.37,20260414,2026-04-14T00:15:50.254493
hyperscalers,ORCL,2026-04-13,155.62,20260414,2026-04-14T00:15:50.254493
industrial-batteries,ELVA,2026-04-13,8.52,20260414,2026-04-14T00:15:50.254493
industrial-batteries,ENS,2026-04-13,194.61,20260414,2026-04-14T00:15:50.254493
industrial-batteries,MVST,2026-04-13,1.64,20260414,2026-04-14T00:15:50.254493
industrial-distribution,FAST,2026-04-13,45.8,20260414,2026-04-14T00:15:50.254493
industrial-distribution,GWW,2026-04-13,1161.66,20260414,2026-04-14T00:15:50.254493
industrial-distribution,MSM,2026-04-13,95.37,20260414,2026-04-14T00:15:50.254493
industrial-distribution,WCC,2026-04-13,304.55,20260414,2026-04-14T00:15:50.254493
industrial-gases,APD,2026-04-13,298.65,20260414,2026-04-14T00:15:50.254493
industrial-gases,LIN,2026-04-13,508.87,20260414,2026-04-14T00:15:50.254493
infra-contractors,EME,2026-04-13,812.21,20260414,2026-04-14T00:15:50.254493
infra-contractors,FIX,2026-04-13,1627.81,20260414,2026-04-14T00:15:50.254493
infra-contractors,MTZ,2026-04-13,365.55,20260414,2026-04-14T00:15:50.254493
infra-contractors,PWR,2026-04-13,595.84,20260414,2026-04-14T00:15:50.254493
infra-contractors,STRL,2026-04-13,459.02,20260414,2026-04-14T00:15:50.254493
infra-measure,BMI,2026-04-13,161.0,20260414,2026-04-14T00:15:50.254493
infra-measure,ITRI,2026-04-13,94.47,20260414,2026-04-14T00:15:50.254493
infra-measure,XYL,2026-04-13,128.85,20260414,2026-04-14T00:15:50.254493
infrastructure-consulting,ACM,2026-04-13,85.3,20260414,2026-04-14T00:15:50.254493
infrastructure-consulting,J,2026-04-13,125.31,20260414,2026-04-14T00:15:50.254493
infrastructure-consulting,STN,2026-04-13,88.28,20260414,2026-04-14T00:15:50.254493
infrastructure-consulting,TTEK,2026-04-13,31.04,20260414,2026-04-14T00:15:50.254493
insurance-brokerage,AJG,2026-04-13,222.5,20260414,2026-04-14T00:15:50.254493
insurance-brokerage,AON,2026-04-13,325.4,20260414,2026-04-14T00:15:50.254493
insurance-brokerage,BRO,2026-04-13,67.46,20260414,2026-04-14T00:15:50.254493
insurance-brokerage,RYAN,2026-04-13,35.85,20260414,2026-04-14T00:15:50.254493
insurance-brokerage,WTW,2026-04-13,287.94,20260414,2026-04-14T00:15:50.254493
insurance-dx,CLOV,2026-04-13,2.03,20260414,2026-04-14T00:15:50.254493
insurance-dx,LMND,2026-04-13,58.74,20260414,2026-04-14T00:15:50.254493
insurance-dx,OSCR,2026-04-13,15.48,20260414,2026-04-14T00:15:50.254493
investment-banking,EVR,2026-04-13,350.54,20260414,2026-04-14T00:15:50.254493
investment-banking,GS,2026-04-13,890.79,20260414,2026-04-14T00:15:50.254493
investment-banking,JEF,2026-04-13,46.21,20260414,2026-04-14T00:15:50.254493
investment-banking,LAZ,2026-04-13,48.24,20260414,2026-04-14T00:15:50.254493
investment-banking,MS,2026-04-13,181.14,20260414,2026-04-14T00:15:50.254493
investment-banking,RJF,2026-04-13,150.37,20260414,2026-04-14T00:15:50.254493
life-insurance,AFL,2026-04-13,112.14,20260414,2026-04-14T00:15:50.254493
life-insurance,GL,2026-04-13,147.55,20260414,2026-04-14T00:15:50.254493
life-insurance,MET,2026-04-13,75.36,20260414,2026-04-14T00:15:50.254493
life-insurance,MFC,2026-04-13,37.28,20260414,2026-04-14T00:15:50.254493
life-insurance,PRI,2026-04-13,267.14,20260414,2026-04-14T00:15:50.254493
life-insurance,PRU,2026-04-13,98.48,20260414,2026-04-14T00:15:50.254493
lifescience-consumables,RGEN,2026-04-13,122.59,20260414,2026-04-14T00:15:50.254493
lifescience-consumables,TECH,2026-04-13,57.53,20260414,2026-04-14T00:15:50.254493
lifescience-consumables,WST,2026-04-13,259.96,20260414,2026-04-14T00:15:50.254493
lifescience-diagnose,A,2026-04-13,117.5,20260414,2026-04-14T00:15:50.254493
lifescience-diagnose,BRKR,2026-04-13,39.05,20260414,2026-04-14T00:15:50.254493
lifescience-diagnose,ILMN,2026-04-13,126.96,20260414,2026-04-14T00:15:50.254493
lifescience-diagnose,MTD,2026-04-13,1345.89,20260414,2026-04-14T00:15:50.254493
lifescience-diagnose,RVTY,2026-04-13,92.64,20260414,2026-04-14T00:15:50.254493
lifescience-diagnose,TXG,2026-04-13,23.58,20260414,2026-04-14T00:15:50.254493
lifescience-diagnose,WAT,2026-04-13,324.68,20260414,2026-04-14T00:15:50.254493
lifescience-pf,AVTR,2026-04-13,8.18,20260414,2026-04-14T00:15:50.254493
lifescience-pf,DHR,2026-04-13,195.87,20260414,2026-04-14T00:15:50.254493
lifescience-pf,TMO,2026-04-13,514.23,20260414,2026-04-14T00:15:50.254493
lifescience-service,CRL,2026-04-13,178.34,20260414,2026-04-14T00:15:50.254493
lifescience-service,ICLR,2026-04-13,110.37,20260414,2026-04-14T00:15:50.254493
lifescience-service,IQV,2026-04-13,171.99,20260414,2026-04-14T00:15:50.254493
lifescience-service,MEDP,2026-04-13,501.23,20260414,2026-04-14T00:15:50.254493
lifestyle-furniture,SGI,2026-04-13,79.88,20260414,2026-04-14T00:15:50.254493
lifestyle-furniture,SN,2026-04-13,115.37,20260414,2026-04-14T00:15:50.254493
lifestyle-furniture,W,2026-04-13,72.81,20260414,2026-04-14T00:15:50.254493
lifestyle-furniture,WSM,2026-04-13,193.52,20260414,2026-04-14T00:15:50.254493
lithium,ALB,2026-04-13,185.43,20260414,2026-04-14T00:15:50.254493
lithium,ATLX,2026-04-13,4.5,20260414,2026-04-14T00:15:50.254493
lithium,CRML,2026-04-13,9.01,20260414,2026-04-14T00:15:50.254493
lithium,ELVR,2026-04-13,61.83,20260414,2026-04-14T00:15:50.254493
lithium,IONR,2026-04-13,3.74,20260414,2026-04-14T00:15:50.254493
lithium,LAC,2026-04-13,4.38,20260414,2026-04-14T00:15:50.254493
lithium,RIO,2026-04-13,99.2,20260414,2026-04-14T00:15:50.254493
lithium,SGML,2026-04-13,17.39,20260414,2026-04-14T00:15:50.254493
lithium,SLI,2026-04-13,3.52,20260414,2026-04-14T00:15:50.254493
lithium,SQM,2026-04-13,87.63,20260414,2026-04-14T00:15:50.254493
live-entertainment,FWONK,2026-04-13,90.68,20260414,2026-04-14T00:15:50.254493
live-entertainment,LYV,2026-04-13,165.72,20260414,2026-04-14T00:15:50.254493
live-entertainment,TKO,2026-04-13,195.47,20260414,2026-04-14T00:15:50.254493
logistics-air-freight,CHRW,2026-04-13,164.92,20260414,2026-04-14T00:15:50.254493
logistics-air-freight,EXPD,2026-04-13,143.88,20260414,2026-04-14T00:15:50.254493
logistics-air-freight,FDX,2026-04-13,371.89,20260414,2026-04-14T00:15:50.254493
logistics-air-freight,GXO,2026-04-13,56.6,20260414,2026-04-14T00:15:50.254493
logistics-air-freight,UPS,2026-04-13,102.02,20260414,2026-04-14T00:15:50.254493
luxury,RL,2026-04-13,376.98,20260414,2026-04-14T00:15:50.254493
luxury,TPR,2026-04-13,149.97,20260414,2026-04-14T00:15:50.254493
machinery-construction-ag,CAT,2026-04-13,791.73,20260414,2026-04-14T00:15:50.254493
machinery-construction-ag,CMI,2026-04-13,618.28,20260414,2026-04-14T00:15:50.254493
machinery-construction-ag,DE,2026-04-13,603.04,20260414,2026-04-14T00:15:50.254493
machinery-construction-ag,OSK,2026-04-13,151.74,20260414,2026-04-14T00:15:50.254493
machinery-construction-ag,TTC,2026-04-13,97.74,20260414,2026-04-14T00:15:50.254493
mass-market-vehicles,F,2026-04-13,12.16,20260414,2026-04-14T00:15:50.254493
mass-market-vehicles,GM,2026-04-13,76.83,20260414,2026-04-14T00:15:50.254493
mass-market-vehicles,STLA,2026-04-13,7.98,20260414,2026-04-14T00:15:50.254493
meat-products,PPC,2026-04-13,35.63,20260414,2026-04-14T00:15:50.254493
meat-products,TSN,2026-04-13,64.45,20260414,2026-04-14T00:15:50.254493
megabanks,BAC,2026-04-13,53.35,20260414,2026-04-14T00:15:50.254493
megabanks,C,2026-04-13,126.28,20260414,2026-04-14T00:15:50.254493
megabanks,JPM,2026-04-13,313.68,20260414,2026-04-14T00:15:50.254493
megabanks,WFC,2026-04-13,86.64,20260414,2026-04-14T00:15:50.254493
memory-shortage,AMAT,2026-04-13,395.73,20260414,2026-04-14T00:15:50.254493
memory-shortage,AMKR,2026-04-13,60.44,20260414,2026-04-14T00:15:50.254493
memory-shortage,KLAC,2026-04-13,1768.78,20260414,2026-04-14T00:15:50.254493
memory-shortage,LRCX,2026-04-13,267.32,20260414,2026-04-14T00:15:50.254493
memory-shortage,MU,2026-04-13,426.56,20260414,2026-04-14T00:15:50.254493
memory-shortage,ONTO,2026-04-13,252.61,20260414,2026-04-14T00:15:50.254493
memory-shortage,RMBS,2026-04-13,113.16,20260414,2026-04-14T00:15:50.254493
metal-specialty-packaging,ATR,2026-04-13,132.11,20260414,2026-04-14T00:15:50.254493
metal-specialty-packaging,AVY,2026-04-13,172.22,20260414,2026-04-14T00:15:50.254493
metal-specialty-packaging,BALL,2026-04-13,63.6,20260414,2026-04-14T00:15:50.254493
metal-specialty-packaging,CCK,2026-04-13,107.82,20260414,2026-04-14T00:15:50.254493
mobile-telecom,T,2026-04-13,25.61,20260414,2026-04-14T00:15:50.254493
mobile-telecom,TMUS,2026-04-13,192.43,20260414,2026-04-14T00:15:50.254493
mobile-telecom,VZ,2026-04-13,45.42,20260414,2026-04-14T00:15:50.254493
mortgage-origination,PFSI,2026-04-13,93.03,20260414,2026-04-14T00:15:50.254493
mortgage-origination,RKT,2026-04-13,15.32,20260414,2026-04-14T00:15:50.254493
mortgage-origination,UWMC,2026-04-13,3.73,20260414,2026-04-14T00:15:50.254493
multi-utilities,AEE,2026-04-13,111.78,20260414,2026-04-14T00:15:50.254493
multi-utilities,CMS,2026-04-13,78.45,20260414,2026-04-14T00:15:50.254493
multi-utilities,CNP,2026-04-13,42.73,20260414,2026-04-14T00:15:50.254493
multi-utilities,D,2026-04-13,62.97,20260414,2026-04-14T00:15:50.254493
multi-utilities,DTE,2026-04-13,147.51,20260414,2026-04-14T00:15:50.254493
multi-utilities,ED,2026-04-13,111.89,20260414,2026-04-14T00:15:50.254493
multi-utilities,ES,2026-04-13,68.68,20260414,2026-04-14T00:15:50.254493
multi-utilities,NGG,2026-04-13,88.95,20260414,2026-04-14T00:15:50.254493
multi-utilities,PEG,2026-04-13,81.26,20260414,2026-04-14T00:15:50.254493
multi-utilities,SRE,2026-04-13,96.23,20260414,2026-04-14T00:15:50.254493
multi-utilities,WEC,2026-04-13,116.32,20260414,2026-04-14T00:15:50.254493
multi-utilities,XEL,2026-04-13,80.45,20260414,2026-04-14T00:15:50.254493
natgas-exprot,LNG,2026-04-13,261.6,20260414,2026-04-14T00:15:50.254493
natgas-exprot,SRE,2026-04-13,96.23,20260414,2026-04-14T00:15:50.254493
natgas-exprot,VG,2026-04-13,12.75,20260414,2026-04-14T00:15:50.254493
natgas-infra,KMI,2026-04-13,32.07,20260414,2026-04-14T00:15:50.254493
natgas-infra,TRP,2026-04-13,62.48,20260414,2026-04-14T00:15:50.254493
natgas-infra,WMB,2026-04-13,71.54,20260414,2026-04-14T00:15:50.254493
natgas-upstream,ET,2026-04-13,18.85,20260414,2026-04-14T00:15:50.254493
natgas-upstream,OKE,2026-04-13,85.33,20260414,2026-04-14T00:15:50.254493
natgas-upstream,TRGP,2026-04-13,240.51,20260414,2026-04-14T00:15:50.254493
natural-gas-production,AR,2026-04-13,37.21,20260414,2026-04-14T00:15:50.254493
natural-gas-production,CTRA,2026-04-13,33.01,20260414,2026-04-14T00:15:50.254493
natural-gas-production,EQT,2026-04-13,57.7,20260414,2026-04-14T00:15:50.254493
natural-gas-production,EXE,2026-04-13,97.78,20260414,2026-04-14T00:15:50.254493
natural-gas-production,RRC,2026-04-13,41.9,20260414,2026-04-14T00:15:50.254493
neo-cloud,APLD,2026-04-13,27.6,20260414,2026-04-14T00:15:50.254493
neo-cloud,CIFR,2026-04-13,17.76,20260414,2026-04-14T00:15:50.254493
neo-cloud,CORZ,2026-04-13,18.71,20260414,2026-04-14T00:15:50.254493
neo-cloud,CRWV,2026-04-13,110.27,20260414,2026-04-14T00:15:50.254493
neo-cloud,DOCN,2026-04-13,79.87,20260414,2026-04-14T00:15:50.254493
neo-cloud,HUT,2026-04-13,69.76,20260414,2026-04-14T00:15:50.254493
neo-cloud,IREN,2026-04-13,43.07,20260414,2026-04-14T00:15:50.254493
neo-cloud,NBIS,2026-04-13,154.56,20260414,2026-04-14T00:15:50.254493
neo-cloud,NUAI,2026-04-13,4.58,20260414,2026-04-14T00:15:50.254493
neo-cloud,WULF,2026-04-13,19.45,20260414,2026-04-14T00:15:50.254493
next-gen-power-supply,ADI,2026-04-13,350.01,20260414,2026-04-14T00:15:50.254493
next-gen-power-supply,ETN,2026-04-13,403.36,20260414,2026-04-14T00:15:50.254493
next-gen-power-supply,MPWR,2026-04-13,1372.23,20260414,2026-04-14T00:15:50.254493
next-gen-power-supply,ON,2026-04-13,71.02,20260414,2026-04-14T00:15:50.254493
next-gen-power-supply,VICR,2026-04-13,186.22,20260414,2026-04-14T00:15:50.254493
next-gen-power-supply,VRT,2026-04-13,299.96,20260414,2026-04-14T00:15:50.254493
nextgen-bank,HOOD,2026-04-13,71.67,20260414,2026-04-14T00:15:50.254493
nextgen-bank,SOFI,2026-04-13,17.05,20260414,2026-04-14T00:15:50.254493
nextgen-batteries,AMPX,2026-04-13,18.39,20260414,2026-04-14T00:15:50.254493
nextgen-batteries,ENVX,2026-04-13,5.98,20260414,2026-04-14T00:15:50.254493
nextgen-batteries,QS,2026-04-13,6.44,20260414,2026-04-14T00:15:50.254493
nextgen-batteries,SES,2026-04-13,1.01,20260414,2026-04-14T00:15:50.254493
nextgen-batteries,SLDP,2026-04-13,2.98,20260414,2026-04-14T00:15:50.254493
nuclear-nextgen,BWXT,2026-04-13,232.83,20260414,2026-04-14T00:15:50.254493
nuclear-nextgen,GEV,2026-04-13,991.12,20260414,2026-04-14T00:15:50.254493
nuclear-nextgen,OKLO,2026-04-13,53.94,20260414,2026-04-14T00:15:50.254493
nuclear-nextgen,SMR,2026-04-13,9.58,20260414,2026-04-14T00:15:50.254493
nuclear-traditional,BWXT,2026-04-13,232.83,20260414,2026-04-14T00:15:50.254493
nuclear-traditional,CCJ,2026-04-13,116.7,20260414,2026-04-14T00:15:50.254493
nuclear-traditional,FLS,2026-04-13,84.48,20260414,2026-04-14T00:15:50.254493
nuclear-traditional,GEV,2026-04-13,991.12,20260414,2026-04-14T00:15:50.254493
offshore-drilling,NE,2026-04-13,49.5,20260414,2026-04-14T00:15:50.254493
offshore-drilling,RIG,2026-04-13,6.64,20260414,2026-04-14T00:15:50.254493
offshore-drilling,VAL,2026-04-13,99.07,20260414,2026-04-14T00:15:50.254493
oil-exploration-production,COP,2026-04-13,123.62,20260414,2026-04-14T00:15:50.254493
oil-exploration-production,OXY,2026-04-13,58.06,20260414,2026-04-14T00:15:50.254493
oil-supermajors-non-us,BP,2026-04-13,46.44,20260414,2026-04-14T00:15:50.254493
oil-supermajors-non-us,PBR,2026-04-13,21.97,20260414,2026-04-14T00:15:50.254493
oil-supermajors-non-us,SHEL,2026-04-13,92.6,20260414,2026-04-14T00:15:50.254493
oil-supermajors-non-us,TTE,2026-04-13,93.44,20260414,2026-04-14T00:15:50.254493
oil-supermajors-us,CVX,2026-04-13,191.78,20260414,2026-04-14T00:15:50.254493
oil-supermajors-us,XOM,2026-04-13,152.64,20260414,2026-04-14T00:15:50.254493
onsite-power,BE,2026-04-13,176.67,20260414,2026-04-14T00:15:50.254493
onsite-power,CAT,2026-04-13,791.73,20260414,2026-04-14T00:15:50.254493
onsite-power,CMI,2026-04-13,618.28,20260414,2026-04-14T00:15:50.254493
onsite-power,GEV,2026-04-13,991.12,20260414,2026-04-14T00:15:50.254493
onsite-power,GNRC,2026-04-13,205.16,20260414,2026-04-14T00:15:50.254493
openai-related,AMD,2026-04-13,246.83,20260414,2026-04-14T00:15:50.254493
openai-related,AVGO,2026-04-13,379.75,20260414,2026-04-14T00:15:50.254493
openai-related,MSFT,2026-04-13,384.37,20260414,2026-04-14T00:15:50.254493
openai-related,NVDA,2026-04-13,189.31,20260414,2026-04-14T00:15:50.254493
openai-related,ORCL,2026-04-13,155.62,20260414,2026-04-14T00:15:50.254493
ota,ABNB,2026-04-13,130.32,20260414,2026-04-14T00:15:50.254493
ota,BKNG,2026-04-13,177.25,20260414,2026-04-14T00:15:50.254493
ota,EXPE,2026-04-13,240.21,20260414,2026-04-14T00:15:50.254493
ota,TRIP,2026-04-13,11.13,20260414,2026-04-14T00:15:50.254493
outdoor-products,BC,2026-04-13,77.8,20260414,2026-04-14T00:15:50.254493
outdoor-products,GOLF,2026-04-13,96.95,20260414,2026-04-14T00:15:50.254493
outdoor-products,THO,2026-04-13,79.29,20260414,2026-04-14T00:15:50.254493
payment-infrastructure,MA,2026-04-13,508.58,20260414,2026-04-14T00:15:50.254493
payment-infrastructure,V,2026-04-13,309.39,20260414,2026-04-14T00:15:50.254493
payment-tech,PYPL,2026-04-13,47.51,20260414,2026-04-14T00:15:50.254493
payment-tech,SHOP,2026-04-13,114.97,20260414,2026-04-14T00:15:50.254493
payment-tech,TOST,2026-04-13,27.15,20260414,2026-04-14T00:15:50.254493
payment-tech,XYZ,2026-04-13,64.22,20260414,2026-04-14T00:15:50.254493
pe-private-credit,APO,2026-04-13,109.95,20260414,2026-04-14T00:15:50.254493
pe-private-credit,ARES,2026-04-13,106.68,20260414,2026-04-14T00:15:50.254493
pe-private-credit,BX,2026-04-13,121.82,20260414,2026-04-14T00:15:50.254493
pe-private-credit,CG,2026-04-13,49.2,20260414,2026-04-14T00:15:50.254493
pe-private-credit,KKR,2026-04-13,98.14,20260414,2026-04-14T00:15:50.254493
pe-private-credit,OWL,2026-04-13,8.45,20260414,2026-04-14T00:15:50.254493
pe-private-credit,TPG,2026-04-13,39.42,20260414,2026-04-14T00:15:50.254493
pharma-distribution,CAH,2026-04-13,214.18,20260414,2026-04-14T00:15:50.254493
pharma-distribution,COR,2026-04-13,319.12,20260414,2026-04-14T00:15:50.254493
pharma-distribution,HSIC,2026-04-13,75.99,20260414,2026-04-14T00:15:50.254493
pharma-distribution,MCK,2026-04-13,864.57,20260414,2026-04-14T00:15:50.254493
pharma,ABBV,2026-04-13,206.47,20260414,2026-04-14T00:15:50.254493
pharma,AZN,2026-04-13,202.24,20260414,2026-04-14T00:15:50.254493
pharma,BMY,2026-04-13,58.06,20260414,2026-04-14T00:15:50.254493
pharma,GSK,2026-04-13,58.94,20260414,2026-04-14T00:15:50.254493
pharma,JNJ,2026-04-13,237.96,20260414,2026-04-14T00:15:50.254493
pharma,LLY,2026-04-13,929.55,20260414,2026-04-14T00:15:50.254493
pharma,MRK,2026-04-13,120.15,20260414,2026-04-14T00:15:50.254493
pharma,NVO,2026-04-13,37.98,20260414,2026-04-14T00:15:50.254493
pharma,NVS,2026-04-13,154.47,20260414,2026-04-14T00:15:50.254493
pharma,PFE,2026-04-13,27.34,20260414,2026-04-14T00:15:50.254493
pharma,SNY,2026-04-13,46.96,20260414,2026-04-14T00:15:50.254493
power-infra,AME,2026-04-13,234.47,20260414,2026-04-14T00:15:50.254493
power-infra,AMSC,2026-04-13,37.81,20260414,2026-04-14T00:15:50.254493
power-infra,APH,2026-04-13,145.27,20260414,2026-04-14T00:15:50.254493
power-infra,ETN,2026-04-13,403.36,20260414,2026-04-14T00:15:50.254493
power-infra,HUBB,2026-04-13,539.79,20260414,2026-04-14T00:15:50.254493
power-infra,POWL,2026-04-13,228.99,20260414,2026-04-14T00:15:50.254493
power-supply-IPP,AES,2026-04-13,14.4,20260414,2026-04-14T00:15:50.254493
power-supply-IPP,BEP,2026-04-13,34.37,20260414,2026-04-14T00:15:50.254493
power-supply-IPP,CEG,2026-04-13,291.72,20260414,2026-04-14T00:15:50.254493
power-supply-IPP,CWEN,2026-04-13,39.57,20260414,2026-04-14T00:15:50.254493
power-supply-IPP,NEE,2026-04-13,92.3,20260414,2026-04-14T00:15:50.254493
power-supply-IPP,TLN,2026-04-13,326.08,20260414,2026-04-14T00:15:50.254493
power-supply-IPP,VST,2026-04-13,158.2,20260414,2026-04-14T00:15:50.254493
power-supply-regulated,AEP,2026-04-13,134.46,20260414,2026-04-14T00:15:50.254493
power-supply-regulated,D,2026-04-13,62.97,20260414,2026-04-14T00:15:50.254493
power-supply-regulated,DUK,2026-04-13,130.4,20260414,2026-04-14T00:15:50.254493
power-supply-regulated,ETR,2026-04-13,115.33,20260414,2026-04-14T00:15:50.254493
power-supply-regulated,EXC,2026-04-13,48.15,20260414,2026-04-14T00:15:50.254493
power-supply-regulated,NRG,2026-04-13,170.24,20260414,2026-04-14T00:15:50.254493
power-supply-regulated,SO,2026-04-13,95.93,20260414,2026-04-14T00:15:50.254493
power-supply-regulated,XEL,2026-04-13,80.45,20260414,2026-04-14T00:15:50.254493
processed-foods,CAG,2026-04-13,14.51,20260414,2026-04-14T00:15:50.254493
processed-foods,CPB,2026-04-13,20.17,20260414,2026-04-14T00:15:50.254493
processed-foods,GIS,2026-04-13,34.56,20260414,2026-04-14T00:15:50.254493
processed-foods,KHC,2026-04-13,22.42,20260414,2026-04-14T00:15:50.254493
processed-foods,MKC,2026-04-13,54.11,20260414,2026-04-14T00:15:50.254493
property-casualty-insurance,AIG,2026-04-13,77.83,20260414,2026-04-14T00:15:50.254493
property-casualty-insurance,ALL,2026-04-13,215.09,20260414,2026-04-14T00:15:50.254493
property-casualty-insurance,CB,2026-04-13,329.98,20260414,2026-04-14T00:15:50.254493
property-casualty-insurance,HIG,2026-04-13,139.07,20260414,2026-04-14T00:15:50.254493
property-casualty-insurance,PGR,2026-04-13,199.57,20260414,2026-04-14T00:15:50.254493
property-casualty-insurance,TRV,2026-04-13,301.31,20260414,2026-04-14T00:15:50.254493
pub-construction-electric,DY,2026-04-13,396.95,20260414,2026-04-14T00:15:50.254493
pub-construction-electric,MTZ,2026-04-13,365.55,20260414,2026-04-14T00:15:50.254493
pub-construction-electric,MYRG,2026-04-13,319.54,20260414,2026-04-14T00:15:50.254493
pub-construction-electric,PWR,2026-04-13,595.84,20260414,2026-04-14T00:15:50.254493
pub-construction-transpo,ROAD,2026-04-13,115.74,20260414,2026-04-14T00:15:50.254493
pub-construction-transpo,TPC,2026-04-13,83.8,20260414,2026-04-14T00:15:50.254493
quantum-computing,IONQ,2026-04-13,29.76,20260414,2026-04-14T00:15:50.254493
quantum-computing,QBTS,2026-04-13,14.65,20260414,2026-04-14T00:15:50.254493
quantum-computing,QUBT,2026-04-13,7.27,20260414,2026-04-14T00:15:50.254493
quantum-computing,RGTI,2026-04-13,15.13,20260414,2026-04-14T00:15:50.254493
rail-manufacturing,FSTR,2026-04-13,30.0,20260414,2026-04-14T00:15:50.254493
rail-manufacturing,GATX,2026-04-13,194.42,20260414,2026-04-14T00:15:50.254493
rail-manufacturing,GBX,2026-04-13,52.89,20260414,2026-04-14T00:15:50.254493
rail-manufacturing,OSK,2026-04-13,151.74,20260414,2026-04-14T00:15:50.254493
rail-manufacturing,RAIL,2026-04-13,9.15,20260414,2026-04-14T00:15:50.254493
rail-manufacturing,TRN,2026-04-13,34.97,20260414,2026-04-14T00:15:50.254493
rail-manufacturing,WAB,2026-04-13,269.04,20260414,2026-04-14T00:15:50.254493
railways,CNI,2026-04-13,110.95,20260414,2026-04-14T00:15:50.254493
railways,CP,2026-04-13,81.43,20260414,2026-04-14T00:15:50.254493
railways,CSX,2026-04-13,42.35,20260414,2026-04-14T00:15:50.254493
railways,NSC,2026-04-13,297.56,20260414,2026-04-14T00:15:50.254493
railways,UNP,2026-04-13,251.34,20260414,2026-04-14T00:15:50.254493
rare-earth,AREC,2026-04-13,2.15,20260414,2026-04-14T00:15:50.254493
rare-earth,CRML,2026-04-13,9.01,20260414,2026-04-14T00:15:50.254493
rare-earth,IDR,2026-04-13,37.81,20260414,2026-04-14T00:15:50.254493
rare-earth,IPX,2026-04-13,33.41,20260414,2026-04-14T00:15:50.254493
rare-earth,MP,2026-04-13,56.8,20260414,2026-04-14T00:15:50.254493
rare-earth,NB,2026-04-13,5.14,20260414,2026-04-14T00:15:50.254493
rare-earth,PPTA,2026-04-13,30.71,20260414,2026-04-14T00:15:50.254493
rare-earth,TMC,2026-04-13,4.62,20260414,2026-04-14T00:15:50.254493
rare-earth,UAMY,2026-04-13,9.29,20260414,2026-04-14T00:15:50.254493
rare-earth,USAR,2026-04-13,16.79,20260414,2026-04-14T00:15:50.254493
rare-earth,UUUU,2026-04-13,19.36,20260414,2026-04-14T00:15:50.254493
re-pf,CSGP,2026-04-13,37.06,20260414,2026-04-14T00:15:50.254493
re-pf,Z,2026-04-13,40.49,20260414,2026-04-14T00:15:50.254493
re-service,CBRE,2026-04-13,145.94,20260414,2026-04-14T00:15:50.254493
re-service,JLL,2026-04-13,324.54,20260414,2026-04-14T00:15:50.254493
re-tech,COMP,2026-04-13,7.13,20260414,2026-04-14T00:15:50.254493
re-tech,OPEN,2026-04-13,4.36,20260414,2026-04-14T00:15:50.254493
refinary,DINO,2026-04-13,58.56,20260414,2026-04-14T00:15:50.254493
refinary,DK,2026-04-13,41.09,20260414,2026-04-14T00:15:50.254493
refinary,MPC,2026-04-13,225.29,20260414,2026-04-14T00:15:50.254493
refinary,PARR,2026-04-13,65.81,20260414,2026-04-14T00:15:50.254493
refinary,PBF,2026-04-13,40.63,20260414,2026-04-14T00:15:50.254493
refinary,PSX,2026-04-13,160.4,20260414,2026-04-14T00:15:50.254493
refinary,VLO,2026-04-13,242.08,20260414,2026-04-14T00:15:50.254493
refrigerant,CC,2026-04-13,23.05,20260414,2026-04-14T00:15:50.254493
refrigerant,SOLS,2026-04-13,82.01,20260414,2026-04-14T00:15:50.254493
regional-bank,BPOP,2026-04-13,146.4,20260414,2026-04-14T00:15:50.254493
regional-bank,CFG,2026-04-13,64.76,20260414,2026-04-14T00:15:50.254493
regional-bank,CFR,2026-04-13,143.09,20260414,2026-04-14T00:15:50.254493
regional-bank,FHN,2026-04-13,24.31,20260414,2026-04-14T00:15:50.254493
regional-bank,HWC,2026-04-13,67.58,20260414,2026-04-14T00:15:50.254493
regional-bank,KEY,2026-04-13,21.72,20260414,2026-04-14T00:15:50.254493
regional-bank,MTB,2026-04-13,221.29,20260414,2026-04-14T00:15:50.254493
regional-bank,PB,2026-04-13,69.18,20260414,2026-04-14T00:15:50.254493
regional-bank,RF,2026-04-13,27.83,20260414,2026-04-14T00:15:50.254493
regional-bank,SSB,2026-04-13,97.8,20260414,2026-04-14T00:15:50.254493
regional-bank,WAL,2026-04-13,77.12,20260414,2026-04-14T00:15:50.254493
regional-bank,ZION,2026-04-13,61.53,20260414,2026-04-14T00:15:50.254493
reit,AMT,2026-04-13,180.94,20260414,2026-04-14T00:15:50.254493
reit,CCI,2026-04-13,87.08,20260414,2026-04-14T00:15:50.254493
reit,DLR,2026-04-13,191.85,20260414,2026-04-14T00:15:50.254493
reit,EQIX,2026-04-13,1056.84,20260414,2026-04-14T00:15:50.254493
reit,O,2026-04-13,63.32,20260414,2026-04-14T00:15:50.254493
reit,PLD,2026-04-13,137.15,20260414,2026-04-14T00:15:50.254493
reit,SPG,2026-04-13,200.71,20260414,2026-04-14T00:15:50.254493
reit,STAG,2026-04-13,38.07,20260414,2026-04-14T00:15:50.254493
reit,VTR,2026-04-13,84.41,20260414,2026-04-14T00:15:50.254493
reit,WELL,2026-04-13,206.97,20260414,2026-04-14T00:15:50.254493
rideshare,LYFT,2026-04-13,13.6,20260414,2026-04-14T00:15:50.254493
rideshare,UBER,2026-04-13,72.34,20260414,2026-04-14T00:15:50.254493
robotics-industrial,ISRG,2026-04-13,458.96,20260414,2026-04-14T00:15:50.254493
robotics-industrial,ROK,2026-04-13,407.78,20260414,2026-04-14T00:15:50.254493
robotics-industrial,TER,2026-04-13,370.13,20260414,2026-04-14T00:15:50.254493
robotics-logistics,AMRC,2026-04-13,24.82,20260414,2026-04-14T00:15:50.254493
robotics-logistics,MIDD,2026-04-13,142.54,20260414,2026-04-14T00:15:50.254493
robotics-logistics,RR,2026-04-13,2.08,20260414,2026-04-14T00:15:50.254493
robotics-logistics,SERV,2026-04-13,8.49,20260414,2026-04-14T00:15:50.254493
robotics-logistics,SYM,2026-04-13,54.61,20260414,2026-04-14T00:15:50.254493
robotics-logistics,TNC,2026-04-13,79.4,20260414,2026-04-14T00:15:50.254493
satellite-communications,ASTS,2026-04-13,98.97,20260414,2026-04-14T00:15:50.254493
satellite-communications,GSAT,2026-04-13,72.89,20260414,2026-04-14T00:15:50.254493
satellite-communications,IRDM,2026-04-13,35.24,20260414,2026-04-14T00:15:50.254493
satellite-communications,SATS,2026-04-13,125.55,20260414,2026-04-14T00:15:50.254493
satellite-communications,VSAT,2026-04-13,56.55,20260414,2026-04-14T00:15:50.254493
semi-component,AEIS,2026-04-13,378.94,20260414,2026-04-14T00:15:50.254493
semi-component,ICHR,2026-04-13,60.47,20260414,2026-04-14T00:15:50.254493
semi-component,MKSI,2026-04-13,273.18,20260414,2026-04-14T00:15:50.254493
semi-component,UCTT,2026-04-13,76.96,20260414,2026-04-14T00:15:50.254493
semi-consumables,APD,2026-04-13,298.65,20260414,2026-04-14T00:15:50.254493
semi-consumables,AXTI,2026-04-13,66.44,20260414,2026-04-14T00:15:50.254493
semi-consumables,ENTG,2026-04-13,138.07,20260414,2026-04-14T00:15:50.254493
semi-consumables,LIN,2026-04-13,508.87,20260414,2026-04-14T00:15:50.254493
semi-consumables,PLAB,2026-04-13,45.67,20260414,2026-04-14T00:15:50.254493
semi-consumables,Q,2026-04-13,135.02,20260414,2026-04-14T00:15:50.254493
semi-equip-back,AEHR,2026-04-13,71.66,20260414,2026-04-14T00:15:50.254493
semi-equip-back,CAMT,2026-04-13,174.93,20260414,2026-04-14T00:15:50.254493
semi-equip-back,COHU,2026-04-13,37.62,20260414,2026-04-14T00:15:50.254493
semi-equip-back,ONTO,2026-04-13,252.61,20260414,2026-04-14T00:15:50.254493
semi-equip-back,TER,2026-04-13,370.13,20260414,2026-04-14T00:15:50.254493
semi-equip-front,ACLS,2026-04-13,110.74,20260414,2026-04-14T00:15:50.254493
semi-equip-front,AMAT,2026-04-13,395.73,20260414,2026-04-14T00:15:50.254493
semi-equip-front,ASML,2026-04-13,1500.2,20260414,2026-04-14T00:15:50.254493
semi-equip-front,KLAC,2026-04-13,1768.78,20260414,2026-04-14T00:15:50.254493
semi-equip-front,LRCX,2026-04-13,267.32,20260414,2026-04-14T00:15:50.254493
semi-fab-infra,AWI,2026-04-13,178.37,20260414,2026-04-14T00:15:50.254493
semi-fab-infra,ETN,2026-04-13,403.36,20260414,2026-04-14T00:15:50.254493
semi-fab-infra,POWL,2026-04-13,228.99,20260414,2026-04-14T00:15:50.254493
semi-fab-infra,THR,2026-04-13,55.27,20260414,2026-04-14T00:15:50.254493
semi-fab-infra,WTS,2026-04-13,309.49,20260414,2026-04-14T00:15:50.254493
semi-iot-ai,AMBA,2026-04-13,54.3,20260414,2026-04-14T00:15:50.254493
semi-iot-ai,AMBQ,2026-04-13,29.54,20260414,2026-04-14T00:15:50.254493
semi-iot-ai,LSCC,2026-04-13,107.76,20260414,2026-04-14T00:15:50.254493
semi-iot-ai,NXPI,2026-04-13,208.0,20260414,2026-04-14T00:15:50.254493
semi-iot-ai,QCOM,2026-04-13,131.24,20260414,2026-04-14T00:15:50.254493
semi-iot-ai,SYNA,2026-04-13,73.97,20260414,2026-04-14T00:15:50.254493
semiconductor-design,CDNS,2026-04-13,288.2,20260414,2026-04-14T00:15:50.254493
semiconductor-design,SNPS,2026-04-13,417.77,20260414,2026-04-14T00:15:50.254493
server-brand,DELL,2026-04-13,189.79,20260414,2026-04-14T00:15:50.254493
server-brand,HPE,2026-04-13,24.81,20260414,2026-04-14T00:15:50.254493
server-brand,SMCI,2026-04-13,25.97,20260414,2026-04-14T00:15:50.254493
silver-mining,AG,2026-04-13,20.78,20260414,2026-04-14T00:15:50.254493
silver-mining,CDE,2026-04-13,20.31,20260414,2026-04-14T00:15:50.254493
silver-mining,HL,2026-04-13,19.27,20260414,2026-04-14T00:15:50.254493
silver-mining,PAAS,2026-04-13,57.27,20260414,2026-04-14T00:15:50.254493
silver-mining,WPM,2026-04-13,144.83,20260414,2026-04-14T00:15:50.254493
smart-glass,LSCC,2026-04-13,107.76,20260414,2026-04-14T00:15:50.254493
smart-glass,META,2026-04-13,634.53,20260414,2026-04-14T00:15:50.254493
smart-glass,QCOM,2026-04-13,131.24,20260414,2026-04-14T00:15:50.254493
smart-glass,SNAP,2026-04-13,5.15,20260414,2026-04-14T00:15:50.254493
smart-glass,VUZI,2026-04-13,2.48,20260414,2026-04-14T00:15:50.254493
smart-glass,WRBY,2026-04-13,21.28,20260414,2026-04-14T00:15:50.254493
soft-back-office,DOCU,2026-04-13,45.42,20260414,2026-04-14T00:15:50.254493
soft-back-office,INTU,2026-04-13,369.44,20260414,2026-04-14T00:15:50.254493
soft-back-office,WDAY,2026-04-13,119.92,20260414,2026-04-14T00:15:50.254493
soft-comm,FIVN,2026-04-13,14.44,20260414,2026-04-14T00:15:50.254493
soft-comm,RNG,2026-04-13,36.88,20260414,2026-04-14T00:15:50.254493
soft-comm,ZM,2026-04-13,82.8,20260414,2026-04-14T00:15:50.254493
soft-enterprise,CRM,2026-04-13,172.82,20260414,2026-04-14T00:15:50.254493
soft-enterprise,MSFT,2026-04-13,384.37,20260414,2026-04-14T00:15:50.254493
soft-enterprise,NOW,2026-04-13,89.06,20260414,2026-04-14T00:15:50.254493
soft-enterprise,ORCL,2026-04-13,155.62,20260414,2026-04-14T00:15:50.254493
soft-marketing,ADBE,2026-04-13,240.11,20260414,2026-04-14T00:15:50.254493
soft-marketing,FIG,2026-04-13,19.18,20260414,2026-04-14T00:15:50.254493
soft-marketing,HUBS,2026-04-13,205.28,20260414,2026-04-14T00:15:50.254493
soft-marketing,KVYO,2026-04-13,17.6,20260414,2026-04-14T00:15:50.254493
soft-marketing,SHOP,2026-04-13,114.97,20260414,2026-04-14T00:15:50.254493
soft-marketing,TWLO,2026-04-13,124.24,20260414,2026-04-14T00:15:50.254493
soft-productivity,FROG,2026-04-13,45.23,20260414,2026-04-14T00:15:50.254493
soft-productivity,GTLB,2026-04-13,20.03,20260414,2026-04-14T00:15:50.254493
soft-productivity,MNDY,2026-04-13,63.55,20260414,2026-04-14T00:15:50.254493
soft-productivity,TEAM,2026-04-13,61.3,20260414,2026-04-14T00:15:50.254493
soft-vertical,ADSK,2026-04-13,227.14,20260414,2026-04-14T00:15:50.254493
soft-vertical,APPF,2026-04-13,148.52,20260414,2026-04-14T00:15:50.254493
soft-vertical,BSY,2026-04-13,32.82,20260414,2026-04-14T00:15:50.254493
soft-vertical,GWRE,2026-04-13,124.18,20260414,2026-04-14T00:15:50.254493
soft-vertical,MANH,2026-04-13,126.11,20260414,2026-04-14T00:15:50.254493
soft-vertical,PCOR,2026-04-13,50.39,20260414,2026-04-14T00:15:50.254493
soft-vertical,ROP,2026-04-13,356.35,20260414,2026-04-14T00:15:50.254493
soft-vertical,TRMB,2026-04-13,66.89,20260414,2026-04-14T00:15:50.254493
soft-vertical,TTAN,2026-04-13,57.35,20260414,2026-04-14T00:15:50.254493
solar-energy-storage,CSIQ,2026-04-13,12.72,20260414,2026-04-14T00:15:50.254493
solar-energy-storage,ENPH,2026-04-13,31.37,20260414,2026-04-14T00:15:50.254493
solar-energy-storage,FSLR,2026-04-13,200.35,20260414,2026-04-14T00:15:50.254493
solar-energy-storage,NXT,2026-04-13,111.55,20260414,2026-04-14T00:15:50.254493
solar-energy-storage,TE,2026-04-13,5.11,20260414,2026-04-14T00:15:50.254493
space-infrastructure,FLY,2026-04-13,38.8,20260414,2026-04-14T00:15:50.254493
space-infrastructure,LUNR,2026-04-13,24.41,20260414,2026-04-14T00:15:50.254493
space-infrastructure,RDW,2026-04-13,9.99,20260414,2026-04-14T00:15:50.254493
space-infrastructure,RKLB,2026-04-13,70.62,20260414,2026-04-14T00:15:50.254493
steel,CLF,2026-04-13,9.34,20260414,2026-04-14T00:15:50.254493
steel,CMC,2026-04-13,66.25,20260414,2026-04-14T00:15:50.254493
steel,NUE,2026-04-13,189.67,20260414,2026-04-14T00:15:50.254493
steel,RS,2026-04-13,324.37,20260414,2026-04-14T00:15:50.254493
steel,STLD,2026-04-13,195.47,20260414,2026-04-14T00:15:50.254493
storage-solutions,NTAP,2026-04-13,98.4,20260414,2026-04-14T00:15:50.254493
storage-solutions,PSTG,2026-04-13,63.25,20260414,2026-04-14T00:15:50.254493
thermal-coal,ARLP,2026-04-13,26.4,20260414,2026-04-14T00:15:50.254493
thermal-coal,HNRG,2026-04-13,15.16,20260414,2026-04-14T00:15:50.254493
tobacco,BTI,2026-04-13,58.69,20260414,2026-04-14T00:15:50.254493
tobacco,MO,2026-04-13,66.81,20260414,2026-04-14T00:15:50.254493
tobacco,PM,2026-04-13,162.75,20260414,2026-04-14T00:15:50.254493
toys,HAS,2026-04-13,92.49,20260414,2026-04-14T00:15:50.254493
toys,MAT,2026-04-13,14.53,20260414,2026-04-14T00:15:50.254493
trucking-intermodal,JBHT,2026-04-13,227.61,20260414,2026-04-14T00:15:50.254493
trucking-intermodal,ODFL,2026-04-13,207.63,20260414,2026-04-14T00:15:50.254493
trucking-intermodal,XPO,2026-04-13,212.15,20260414,2026-04-14T00:15:50.254493
uranium,AEC,2026-04-13,5.59,20260414,2026-04-14T00:15:50.254493
uranium,CCJ,2026-04-13,116.7,20260414,2026-04-14T00:15:50.254493
uranium,DNN,2026-04-13,3.73,20260414,2026-04-14T00:15:50.254493
uranium,EU,2026-04-13,1.87,20260414,2026-04-14T00:15:50.254493
uranium,ISOU,2026-04-13,11.13,20260414,2026-04-14T00:15:50.254493
uranium,LEU,2026-04-13,191.99,20260414,2026-04-14T00:15:50.254493
uranium,NXE,2026-04-13,11.86,20260414,2026-04-14T00:15:50.254493
uranium,UEC,2026-04-13,13.95,20260414,2026-04-14T00:15:50.254493
uranium,URG,2026-04-13,1.56,20260414,2026-04-14T00:15:50.254493
uranium,UROY,2026-04-13,3.7,20260414,2026-04-14T00:15:50.254493
uranium,UUUU,2026-04-13,19.36,20260414,2026-04-14T00:15:50.254493
used-car-sales,AN,2026-04-13,202.25,20260414,2026-04-14T00:15:50.254493
used-car-sales,CVNA,2026-04-13,359.27,20260414,2026-04-14T00:15:50.254493
used-car-sales,KMX,2026-04-13,49.08,20260414,2026-04-14T00:15:50.254493
used-car-sales,LAD,2026-04-13,279.06,20260414,2026-04-14T00:15:50.254493
video-streaming,DIS,2026-04-13,101.18,20260414,2026-04-14T00:15:50.254493
video-streaming,GOOGL,2026-04-13,321.31,20260414,2026-04-14T00:15:50.254493
video-streaming,NFLX,2026-04-13,103.16,20260414,2026-04-14T00:15:50.254493
water-utilities,AWK,2026-04-13,134.41,20260414,2026-04-14T00:15:50.254493
water-utilities,SBS,2026-04-13,33.68,20260414,2026-04-14T00:15:50.254493
water-utilities,WTRG,2026-04-13,39.59,20260414,2026-04-14T00:15:50.254493
