date,equity,ret,peak,dd,ym
2024-04-04,979383.0333115296,-0.020616966688470496,979383.0333115296,0.0,2024-04
2024-04-05,1001527.0316488914,0.022610151068767882,1001527.0316488914,0.0,2024-04
2024-04-08,995976.3717630812,-0.005542196775928987,1001527.0316488914,-0.0055421967759290425,2024-04
2024-04-09,989302.5929366866,-0.006700740113523599,1001527.0316488914,-0.012205800069199135,2024-04
2024-04-10,973553.8537039229,-0.015919031593776018,1001527.0316488914,-0.02793052714604627,2024-04
2024-04-11,984441.634968372,0.011183542875441432,1001527.0316488914,-0.017059346518476293,2024-04
2024-04-12,942808.5880388246,-0.042291026151981985,1001527.0316488914,-0.05862891540070969,2024-04
2024-04-15,933184.4377942206,-0.010207957762268127,1001527.0316488914,-0.06823839167091983,2024-04
2024-04-16,943630.0627139532,0.011193526699205404,1001527.0316488914,-0.05780869323079374,2024-04
2024-04-17,929008.7279919165,-0.015494774170276705,1001527.0316488914,-0.07240773475438045,2024-04
2024-04-18,922489.740949165,-0.007017142946377305,1001527.0316488914,-0.07891678227556298,2024-04
2024-04-19,895117.5449812432,-0.02967208712777445,1001527.0316488914,-0.10624724376381334,2024-04
2024-04-22,908689.0114722198,0.015161658451528798,1001527.0316488914,-0.09269646973364776,2024-04
2024-04-23,927300.7150793554,0.02048192877008792,1001527.0316488914,-0.07411314345388309,2024-04
2024-04-24,934177.2057916742,0.007415599492695712,1001527.0316488914,-0.06724713735018606,2024-04
2024-04-25,942728.653640198,0.009153988981433991,1001527.0316488914,-0.05870872792308868,2024-04
2024-04-26,946477.6521423226,0.003976752470234601,1001527.0316488914,-0.054965445531646506,2024-04
2024-04-29,954606.3005423665,0.008588315193332863,1001527.0316488914,-0.046849190909281524,2024-04
2024-04-30,936542.810639951,-0.01892244990647196,1001527.0316488914,-0.06488513934761386,2024-04
2024-05-01,918803.2440441303,-0.01894154372259723,1001527.0316488914,-0.08259765836631139,2024-05
2024-05-02,931205.128136201,0.01349786711405539,1001527.0316488914,-0.07021468346881665,2024-05
2024-05-03,943498.15149722,0.013201198092222088,1001527.0316488914,-0.05794040332204908,2024-05
2024-05-06,962030.6121602374,0.019642286138672804,1001527.0316488914,-0.039436199164417984,2024-05
2024-05-07,963534.6394152405,0.001563388145857325,1001527.0316488914,-0.03793446510485199,2024-05
2024-05-08,970489.3900685803,0.007217956022380845,1001527.0316488914,-0.03099031838333055,2024-05
2024-05-09,1111633.120451351,0.1454356243634941,1111633.120451351,0.0,2024-05
2024-05-10,1105826.1630522201,-0.005223807470555453,1111633.120451351,-0.005223807470555619,2024-05
2024-05-13,1111467.2142331668,0.005101209728459066,1111633.120451351,-0.00014924547958483636,2024-05
2024-05-14,1136265.940749045,0.02231170312386377,1136265.940749045,0.0,2024-05
2024-05-15,1149637.8007052995,0.011768248503021606,1149637.8007052995,0.0,2024-05
2024-05-16,1144959.7231656532,-0.004069175123483593,1149637.8007052995,-0.004069175123483482,2024-05
2024-05-17,1144703.5358575962,-0.00022375224461929077,1149637.8007052995,-0.004292016881035199,2024-05
2024-05-20,1162399.8139475551,0.01545926743093462,1162399.8139475551,0.0,2024-05
2024-05-21,1156568.9111607298,-0.005016262663552429,1162399.8139475551,-0.005016262663552373,2024-05
2024-05-22,1148334.0267138,-0.007120098394020835,1162399.8139475551,-0.012100644773838432,2024-05
2024-05-23,1122806.0176216054,-0.022230473449653287,1162399.8139475551,-0.03406211516112312,2024-05
2024-05-24,1149868.4982368774,0.024102543262635168,1162399.8139475551,-0.01078055550277568,2024-05
2024-05-28,1162665.8194270085,0.011129378019967995,1162665.8194270085,0.0,2024-05
2024-05-29,1140780.9715529752,-0.01882299067226273,1162665.8194270085,-0.018822990672262674,2024-05
2024-05-30,1166036.8126287186,0.022139079898362946,1166036.8126287186,0.0,2024-05
2024-05-31,1154842.6311413792,-0.009600195607978312,1166036.8126287186,-0.009600195607978312,2024-05
2024-06-03,1151083.7571576093,-0.0032548798272668544,1166036.8126287186,-0.012823827952223033,2024-06
2024-06-04,1123977.8883518944,-0.02354812900205274,1166036.8126287186,-0.036069979799356666,2024-06
2024-06-05,1171862.2433160604,0.04260257738199783,1171862.2433160604,0.0,2024-06
2024-06-06,1155763.5273982498,-0.013737720461285238,1171862.2433160604,-0.013737720461285186,2024-06
2024-06-07,1143426.2449135154,-0.010674573294856415,1171862.2433160604,-0.024265649452173355,2024-06
2024-06-10,1158544.9544907957,0.013222286653411462,1171862.2433160604,-0.011364210171649791,2024-06
2024-06-11,1162959.9964884499,0.0038108508267550474,1171862.2433160604,-0.007596666654622775,2024-06
2024-06-12,1197161.011134116,0.029408590793265407,1197161.011134116,0.0,2024-06
2024-06-13,1220629.248580896,0.019603242361315935,1220629.248580896,0.0,2024-06
2024-06-14,1211954.0326359903,-0.007107167024705931,1220629.248580896,-0.007107167024705929,2024-06
2024-06-17,1240214.7857306176,0.023318337439878246,1240214.7857306176,0.0,2024-06
2024-06-18,1250061.7166063054,0.007939698017619684,1250061.7166063054,0.0,2024-06
2024-06-20,1219249.6205514178,-0.02464845986847521,1250061.7166063054,-0.02464845986847508,2024-06
2024-06-21,1215483.052351758,-0.0030892510739158976,1250061.7166063054,-0.02766156566127187,2024-06
2024-06-24,1180687.3768936242,-0.02862703465162253,1250061.7166063054,-0.055496731714191005,2024-06
2024-06-25,1198401.8390107402,0.01500351614135361,1250061.7166063054,-0.04132586168290364,2024-06
2024-06-26,1191489.925484266,-0.005767609245476445,1250061.7166063054,-0.046855119506460485,2024-06
2024-06-27,1205757.1870148845,0.011974303118693906,1250061.7166063054,-0.035441873791399514,2024-06
2024-06-28,1210347.2991334016,0.0038068295739384075,1250061.7166063054,-0.03176996539076604,2024-06
2024-07-01,1213192.8390651434,0.002351011097210886,1250061.7166063054,-0.029493645834746895,2024-07
2024-07-02,1218202.4076541336,0.0041292434538689774,1250061.7166063054,-0.025486188824871858,2024-07
2024-07-03,1226476.8633353843,0.006792348815977661,1250061.7166063054,-0.018866951093382656,2024-07
2024-07-05,1228724.5539742305,0.0018326400652463903,1250061.7166063054,-0.017068887358619,2024-07
2024-07-08,1269197.1527744324,0.032938707596666644,1269197.1527744324,0.0,2024-07
2024-07-09,1269011.4052008053,-0.00014635044935386668,1269197.1527744324,-0.00014635044935384922,2024-07
2024-07-10,1284728.6117823476,0.012385394266062768,1284728.6117823476,0.0,2024-07
2024-07-11,1273466.1824415324,-0.008766387887314517,1284728.6117823476,-0.008766387887314542,2024-07
2024-07-12,1283158.6389298097,0.007611082745593344,1284728.6117823476,-0.0012220268453115857,2024-07
2024-07-15,1289264.0128058137,0.004758081885413568,1289264.0128058137,0.0,2024-07
2024-07-16,1307594.960999465,0.014218149278640006,1307594.960999465,0.0,2024-07
2024-07-17,1239446.5516604602,-0.052117369194292,1307594.960999465,-0.052117369194291996,2024-07
2024-07-18,1220064.9768791737,-0.01563728162002737,1307594.960999465,-0.06693967683493329,2024-07
2024-07-19,1203786.2008211454,-0.013342548443336199,1307594.960999465,-0.0793890793973181,2024-07
2024-07-22,1229681.1853547404,0.0215112820830901,1307594.960999465,-0.05958555819546063,2024-07
2024-07-23,1227401.4540949105,-0.0018539205828152967,1307594.960999465,-0.061329011885498774,2024-07
2024-07-24,1169628.4196674866,-0.04706938730981541,1307594.960999465,-0.10551168018154744,2024-07
2024-07-25,1137059.282809452,-0.02784571263007936,1307594.960999465,-0.13041934488617457,2024-07
2024-07-26,1161536.8462217664,0.02152707759602066,1307594.960999465,-0.11169981464754086,2024-07
2024-07-29,1146293.1341127718,-0.013123743907547208,1307594.960999465,-0.12335763879313333,2024-07
2024-07-30,1102396.8596091599,-0.03829410924421843,1307594.960999465,-0.15692787714129863,2024-07
2024-07-31,1167687.3377060445,0.05922592896357907,1307594.960999465,-0.10699614748169539,2024-07
2024-08-01,1114431.9633713257,-0.045607563441888994,1307594.960999465,-0.14772387733927517,2024-08
2024-08-02,1051097.8508026574,-0.056830847149316376,1307594.960999465,-0.19615945139521884,2024-08
2024-08-05,1014482.3445610213,-0.03483548768906264,1307594.960999465,-0.22416162893011005,2024-08
2024-08-06,1034407.0143209845,0.019640233136422637,1307594.960999465,-0.208923982446115,2024-08
2024-08-07,1027449.4013010524,-0.006726185073773168,1307594.960999465,-0.21424490614760583,2024-08
2024-08-08,1068672.140689371,0.040121430151322704,1307594.960999465,-0.18271928803356097,2024-08
2024-08-09,1043502.6617272752,-0.023552105462260386,1307594.960999465,-0.20196796955406582,2024-08
2024-08-12,1060509.048263539,0.016297405996179938,1307594.960999465,-0.18896211755593262,2024-08
2024-08-13,1078403.6085877847,0.016873557423716434,1307594.960999465,-0.17527702327370331,2024-08
2024-08-14,1085417.6691063754,0.006504114473222003,1307594.960999465,-0.16991293062437896,2024-08
2024-08-15,1137374.225645953,0.047867800588093846,1307594.960999465,-0.1301784883167515,2024-08
2024-08-16,1134185.1522510543,-0.002803891035149479,1307594.960999465,-0.13261737305554033,2024-08
2024-08-19,1131109.7297123608,-0.0027115700929339157,1307594.960999465,-0.13496934184589326,2024-08
2024-08-20,1136837.1304746855,0.005063523557330788,1307594.960999465,-0.13058923873051653,2024-08
2024-08-21,1166991.9472474013,0.02652518638278889,1307594.960999465,-0.10752795624464118,2024-08
2024-08-22,1149385.4999395797,-0.015087034104519873,1307594.960999465,-0.12099271240610876,2024-08
2024-08-23,1182222.634415127,0.028569295921406404,1307594.960999465,-0.0958800930897662,2024-08
2024-08-26,1194590.347712417,0.010461407976179116,1307594.960999465,-0.08642172588419328,2024-08
2024-08-27,1198101.0049057936,0.002938795881031038,1307594.960999465,-0.0837369058152223,2024-08
2024-08-28,1194209.6363050335,-0.0032479470301972624,1307594.960999465,-0.08671287981085907,2024-08
2024-08-29,1191912.0642602374,-0.00192392690106317,1307594.960999465,-0.08846997746978547,2024-08
2024-08-30,1202622.1793101144,0.008985658733577854,1307594.960999465,-0.08027927976191829,2024-08
2024-09-03,1150183.9711079965,-0.04360322726810095,1307594.960999465,-0.12038207134964096,2024-09
2024-09-04,1163439.7298805895,0.011524903063832128,1307594.960999465,-0.11024455998873683,2024-09
2024-09-05,1145415.8190055403,-0.015491916265313602,1307594.960999465,-0.12402857676199863,2024-09
2024-09-06,1094402.792788308,-0.0445366873503827,1307594.960999465,-0.1630414421666192,2024-09
2024-09-09,1118803.2341749272,0.022295668055133392,1307594.960999465,-0.14438089198526294,2024-09
2024-09-10,1121536.4046269606,0.0024429411433094204,1307594.960999465,-0.14229066486329212,2024-09
2024-09-11,1163314.71459843,0.03725096198314261,1307594.960999465,-0.11034016702752802,2024-09
2024-09-12,1185068.0700881006,0.01869945872487287,1307594.960999465,-0.09370400970168202,2024-09
2024-09-13,1204060.642075572,0.01602656629341067,1307594.960999465,-0.07917919693171371,2024-09
2024-09-16,1194877.7475322522,-0.007626604692841768,1307594.960999465,-0.08620193318966074,2024-09
2024-09-17,1213087.1938555157,0.01523958945663768,1307594.960999465,-0.07227602580520198,2024-09
2024-09-18,1211585.022407511,-0.0012383045964160513,1307594.960999465,-0.07342483066665273,2024-09
2024-09-19,1262279.7252795282,0.041841638790881555,1307594.960999465,-0.03465540711880688,2024-09
2024-09-20,1256299.2194657354,-0.004737860946366935,1307594.960999465,-0.039229075565205274,2024-09
2024-09-23,1265832.3145601633,0.007588236103881556,1307594.960999465,-0.03193851894884969,2024-09
2024-09-24,1280907.5674348946,0.011909360111389988,1307594.960999465,-0.020409526161045966,2024-09
2024-09-25,1286592.137812121,0.004437923954661471,1307594.960999465,-0.016062178131437954,2024-09
2024-09-26,1319718.550149923,0.025747407717051623,1319718.550149923,0.0,2024-09
2024-09-27,1299178.8397309703,-0.015563705167756604,1319718.550149923,-0.015563705167756625,2024-09
2024-09-30,1299604.997824296,0.000328021116333735,1319718.550149923,-0.015240789275366429,2024-09
2024-10-01,1268823.9056862523,-0.023684959806691337,1319718.550149923,-0.03856477160064842,2024-10
2024-10-02,1296810.4550039514,0.022057079152021868,1319718.550149923,-0.01735831866830173,2024-10
2024-10-03,1306759.824218821,0.007672184609923692,1319718.550149923,-0.009819310283719074,2024-10
2024-10-04,1338588.6330960202,0.02435704579165978,1338588.6330960202,0.0,2024-10
2024-10-07,1327325.781893276,-0.008413974931711777,1338588.6330960202,-0.00841397493171181,2024-10
2024-10-08,1353435.4530796062,0.019670883774357155,1353435.4530796062,0.0,2024-10
2024-10-09,1373463.2252589383,0.01479772983171153,1373463.2252589383,0.0,2024-10
2024-10-10,1378138.7507704769,0.003404186894525073,1378138.7507704769,0.0,2024-10
2024-10-11,1406783.337649513,0.020784980367921393,1406783.337649513,0.0,2024-10
2024-10-14,1413990.5907148672,0.005123214693029003,1413990.5907148672,0.0,2024-10
2024-10-15,1380389.2993256208,-0.02376344765650715,1413990.5907148672,-0.023763447656507175,2024-10
2024-10-16,1399837.6270276073,0.014089016563289548,1413990.5907148672,-0.01000923470085091,2024-10
2024-10-17,1406976.6746978045,0.005099911255676143,1413990.5907148672,-0.004960369653886243,2024-10
2024-10-18,1387517.3153804129,-0.013830619702043953,1413990.5907148672,-0.018722384369665668,2024-10
2024-10-21,1391433.8242663506,0.0028226738812726065,1413990.5907148672,-0.01595255767374848,2024-10
2024-10-22,1380631.541284156,-0.007763418420484518,1413990.5907148672,-0.023592129714134824,2024-10
2024-10-23,1367956.9171668643,-0.00918030896607128,1413990.5907148672,-0.03255585564026264,2024-10
2024-10-24,1383620.6155577684,0.011450432535071853,1413990.5907148672,-0.02147820173382109,2024-10
2024-10-25,1385520.4869997045,0.0013731158820370088,1413990.5907148672,-0.020134577911702478,2024-10
2024-10-28,1384221.457178329,-0.0009375753253483015,1413990.5907148672,-0.02105327555361458,2024-10
2024-10-29,1403644.0580865766,0.014031425974164423,1413990.5907148672,-0.007317257056894344,2024-10
2024-10-30,1399624.2193796868,-0.0028638590273160976,1413990.5907148672,-0.010160160491532899,2024-10
2024-10-31,1353617.0524065276,-0.032871085207106125,1413990.5907148672,-0.0426972701974041,2024-10
2024-11-01,1397925.6854518095,0.03273350684117622,1413990.5907148672,-0.011361394742333997,2024-11
2024-11-04,1387377.6485734899,-0.0075454918584677245,1413990.5907148672,-0.01882115928927275,2024-11
2024-11-05,1409879.5625435042,0.016219025867362694,1413990.5907148672,-0.0029073942912765105,2024-11
2024-11-06,1466852.227121225,0.0404095967423905,1466852.227121225,0.0,2024-11
2024-11-07,1543993.8387255364,0.05258989977177582,1543993.8387255364,0.0,2024-11
2024-11-08,1632157.3331554602,0.05710093668683092,1632157.3331554602,0.0,2024-11
2024-11-11,1627266.6741763211,-0.0029964384436417806,1632157.3331554602,-0.0029964384436419467,2024-11
2024-11-12,1607995.225650672,-0.011842833649502373,1632157.3331554602,-0.014803785771115185,2024-11
2024-11-13,1576210.3924073335,-0.019766746030279433,1632157.3331554602,-0.03427790912777029,2024-11
2024-11-14,1566284.9060230246,-0.00629705680924343,1632157.3331554602,-0.040359115995934114,2024-11
2024-11-15,1525755.7917716566,-0.02587595276920336,1632157.3331554602,-0.06519073818581989,2024-11
2024-11-18,1535976.3852407928,0.0066987086165789635,1632157.3331554602,-0.058928723328847354,2024-11
2024-11-19,1578085.6480511543,0.02741530613034794,1632157.3331554602,-0.03312896618843031,2024-11
2024-11-20,1597561.6804460874,0.012341555997917433,1632157.3331554602,-0.021196273181880554,2024-11
2024-11-21,1637927.675315172,0.025267252816062194,1637927.675315172,0.0,2024-11
2024-11-22,1662929.7021239907,0.015264426620063044,1662929.7021239907,0.0,2024-11
2024-11-25,1647393.4567279993,-0.00934269523007956,1662929.7021239907,-0.009342695230079578,2024-11
2024-11-26,1652193.9359202068,0.0029139846177014374,1662929.7021239907,-0.006455935082566366,2024-11
2024-11-27,1596857.393478235,-0.033492764522920035,1662929.7021239907,-0.039732472491990745,2024-11
2024-11-29,1643790.3823334656,0.02939084544863592,1662929.7021239907,-0.011509398001658955,2024-11
2024-12-02,1666431.0911296026,0.013773476861445623,1666431.0911296026,0.0,2024-12
2024-12-03,1690377.6596583826,0.014369972245625593,1690377.6596583826,0.0,2024-12
2024-12-04,1746606.4538302696,0.03326404241715454,1746606.4538302696,0.0,2024-12
2024-12-05,1706954.4824900143,-0.0227022929254037,1746606.4538302696,-0.02270229292540371,2024-12
2024-12-06,1751129.9437591108,0.02587969493167483,1751129.9437591108,0.0,2024-12
2024-12-09,1717957.1903868702,-0.018943627507750423,1751129.9437591108,-0.01894362750775047,2024-12
2024-12-10,1668969.0496273886,-0.028515344290069224,1751129.9437591108,-0.04691878773733338,2024-12
2024-12-11,1701549.6756152236,0.01952140813822095,1751129.9437591108,-0.028313300403883357,2024-12
2024-12-12,1725843.0355798388,0.01427719702384336,1751129.9437591108,-0.014440337948301574,2024-12
2024-12-13,1774921.056982209,0.028437129211974596,1774921.056982209,0.0,2024-12
2024-12-16,1785966.2448530563,0.006222917817892474,1785966.2448530563,0.0,2024-12
2024-12-17,1729351.0749899112,-0.03170002234157742,1785966.2448530563,-0.03170002234157743,2024-12
2024-12-18,1658546.4435701934,-0.04094289033829118,1785966.2448530563,-0.07134502214141603,2024-12
2024-12-19,1663296.4232570047,0.0028639413175469922,1785966.2448530563,-0.06868540878058105,2024-12
2024-12-20,1708596.0469641583,0.027234847062587688,1785966.2448530563,-0.04332119832156389,2024-12
2024-12-23,1716140.6044937186,0.0044156473046777014,1785966.2448530563,-0.03909684214949016,2024-12
2024-12-24,1742107.9347320183,0.015131237015372844,1785966.2448530563,-0.024557188719233847,2024-12
2024-12-26,1749596.0138936262,0.004298286582776979,1785966.2448530563,-0.020364455971239592,2024-12
2024-12-27,1713308.794703242,-0.020740341714444714,1785966.2448530563,-0.040682431910012085,2024-12
2024-12-30,1684423.188635184,-0.016859544617618693,1785966.2448530563,-0.05685608925169072,2024-12
2024-12-31,1682062.6555153746,-0.001401389588872763,1785966.2448530563,-0.05817780130902228,2024-12
2025-01-02,1694928.8573350292,0.0076490621663033885,1785966.2448530563,-0.0509737447616303,2025-01
2025-01-03,1739429.8984936662,0.026255403562251495,1785966.2448530563,-0.026056677439174614,2025-01
2025-01-06,1774774.482072494,0.020319636686385652,1785966.2448530563,-0.006266502971607468,2025-01
2025-01-07,1731451.4739967678,-0.02441042989593565,1785966.2448530563,-0.030523964836062012,2025-01
2025-01-08,1748027.0331624744,0.009573216122219461,1785966.2448530563,-0.021242961226125234,2025-01
2025-01-10,1733446.5810451747,-0.008341090750136273,1785966.2448530563,-0.0294068625088727,2025-01
2025-01-13,1719234.119280147,-0.008198961491191988,1785966.2448530563,-0.037364718266777674,2025-01
2025-01-14,1746507.5586983277,0.015863714611248105,1785966.2448530563,-0.022093746882643428,2025-01
2025-01-15,1790493.771183462,0.02518524026195295,1790493.771183462,0.0,2025-01
2025-01-16,1804284.036605433,0.007701934317736294,1804284.036605433,0.0,2025-01
2025-01-17,1846742.86700009,0.023532231917618964,1846742.86700009,0.0,2025-01
2025-01-21,1884538.1674009643,0.02046592466999497,1884538.1674009643,0.0,2025-01
2025-01-22,1947050.4584938562,0.033171146211968205,1947050.4584938562,0.0,2025-01
2025-01-23,1956341.2927427883,0.004771748060458119,1956341.2927427883,0.0,2025-01
2025-01-24,1939734.0397198182,-0.008488934463826085,1956341.2927427883,-0.008488934463826037,2025-01
2025-01-27,1554973.2400786357,-0.19835750250418793,1956341.2927427883,-0.20516259312884766,2025-01
2025-01-28,1610056.6552308036,0.035424027714703585,1956341.2927427883,-0.17700625079916088,2025-01
2025-01-29,1635954.9763088084,0.0160853476763476,1956341.2927427883,-0.16376811020780457,2025-01
2025-01-30,1714655.9022233505,0.048107024370630455,1956341.2927427883,-0.12353948230607303,2025-01
2025-01-31,1757325.960550064,0.02488549351002984,1956341.2927427883,-0.1017283297812035,2025-01
2025-02-03,1727571.4418793195,-0.01693170153898533,1956341.2927427883,-0.11693759760227407,2025-02
2025-02-04,1772327.9273441168,0.025907169092879666,1956341.2927427883,-0.09405995062379169,2025-02
2025-02-05,1829740.2117026197,0.03239371420645427,1956341.2927427883,-0.06471318757611766,2025-02
2025-02-06,1818027.2172847402,-0.006401452153133874,1956341.2927427883,-0.07070038135530632,2025-02
2025-02-07,1780925.3766263924,-0.020407747642942432,1956341.2927427883,-0.08966529345728991,2025-02
2025-02-10,1776753.634289317,-0.0023424576862270323,1956341.2927427883,-0.09179771398767012,2025-02
2025-02-11,1747700.4628805611,-0.016351828890659226,1956341.2927427883,-0.10664848236664937,2025-02
2025-02-12,1738492.396173778,-0.005268675555310176,1956341.2927427883,-0.1113552616699034,2025-02
2025-02-13,1742187.2116399251,0.0021252986060100484,1956341.2927427883,-0.10946662624629233,2025-02
2025-02-14,1751041.7203322377,0.0050824094179739,1956341.2927427883,-0.10494057104050636,2025-02
2025-02-18,1768362.1196923833,0.009891482972124437,1956341.2927427883,-0.09608710593991421,2025-02
2025-02-19,1741624.6535714737,-0.01511990435848108,1956341.2927427883,-0.10975418244650048,2025-02
2025-02-20,1719433.4692156494,-0.012741657228104632,1956341.2927427883,-0.12109738950252102,2025-02
2025-02-21,1665905.9532916273,-0.031130902638785783,1956341.2927427883,-0.14845842109889273,2025-02
2025-02-24,1619205.4789695954,-0.028033079676411197,1956341.2927427883,-0.17232975402800443,2025-02
2025-02-25,1593800.128181461,-0.015690010389726106,1956341.2927427883,-0.18531590878657223,2025-02
2025-02-26,1613338.875102258,0.012259220322118361,1956341.2927427883,-0.17532851701946206,2025-02
2025-02-27,1565820.382986723,-0.02945350964317595,1956341.2927427883,-0.19961798649588158,2025-02
2025-02-28,1585954.3841586069,0.0128584359934562,1956341.2927427883,-0.18932632560492524,2025-02
2025-03-03,1500342.6873128286,-0.05398118489466997,1956341.2927427883,-0.23308745111168727,2025-03
2025-03-04,1484700.3927605676,-0.010425814505269382,1956341.2927427883,-0.24108313908816015,2025-03
2025-03-05,1512978.9000080195,0.019046608585367577,1956341.2927427883,-0.22662834668953658,2025-03
2025-03-06,1430590.9582712178,-0.054454124731260316,1956341.2927427883,-0.2687416231625256,2025-03
2025-03-07,1442548.217336398,0.008358265509821106,1956341.2927427883,-0.2626295714926371,2025-03
2025-03-10,1400133.712028333,-0.02940248706998616,1956341.2927427883,-0.28431009598261503,2025-03
2025-03-11,1368773.8371519262,-0.02239777144639743,1956341.2927427883,-0.30033995487929055,2025-03
2025-03-12,1364036.1890423778,-0.0034612351441538625,1956341.2927427883,-0.3027616428164226,2025-03
2025-03-13,1346212.9074437127,-0.013066575316581508,1956341.2927427883,-0.3118721603241714,2025-03
2025-03-14,1364938.5517797978,0.013909868366692946,1956341.2927427883,-0.3023003926548238,2025-03
2025-03-17,1373737.319683923,0.006446274004534569,1956341.2927427883,-0.29780282981302064,2025-03
2025-03-18,1360426.3835645616,-0.009689578879915617,1956341.2927427883,-0.304606824682801,2025-03
2025-03-19,1378926.2821102322,0.013598603179980628,1956341.2927427883,-0.29515044883759567,2025-03
2025-03-20,1367645.7286240915,-0.008180679150503578,1956341.2927427883,-0.3009165968650318,2025-03
2025-03-21,1360426.3835645614,-0.00527866603787297,1956341.2927427883,-0.3046068246828011,2025-03
2025-03-24,1375542.2224228305,0.011111103872201378,1956341.2927427883,-0.2968802388798317,2025-03
2025-03-25,1375993.3594755237,0.0003279703416871893,1956341.2927427883,-0.2966496364515301,2025-03
2025-03-26,1394267.778126882,0.01328089160134005,1956341.2927427883,-0.28730851651547973,2025-03
2025-03-27,1385243.530328444,-0.0064723921329957745,1956341.2927427883,-0.29192133526643804,2025-03
2025-03-28,1373060.4368408155,-0.008794910945904122,1956341.2927427883,-0.2981488240654644,2025-03
2025-03-31,1392237.3068616276,0.013966515607233498,1956341.2927427883,-0.2883464086628196,2025-03
2025-04-01,1394267.7781268822,0.0014584232553225274,1956341.2927427883,-0.2873085165154796,2025-04
2025-04-02,1394719.0038116092,0.00032362914198103,1956341.2927427883,-0.28707786878218233,2025-04
2025-04-03,1301601.5685427107,-0.066764298051736,1956341.2927427883,-0.3346756144384875,2025-04
2025-04-04,1238690.3735966133,-0.04833368095624968,1956341.2927427883,-0.36683319102263046,2025-04
2025-04-07,1281463.474487265,0.034530906029775155,1956341.2927427883,-0.3449693674406602,2025-04
2025-04-08,1249669.2791221163,-0.02481084790799056,1956341.2927427883,-0.36122123284016494,2025-04
2025-04-09,1463234.919272614,0.17089772767761885,1956341.2927427883,-0.2520553930438384,2025-04
2025-04-10,1350648.1778341765,-0.07694372240269211,1956341.2927427883,-0.3096050352540639,2025-04
2025-04-11,1358760.8135948642,0.006006475923061439,1956341.2927427883,-0.3054581945209146,2025-04
2025-04-14,1374639.7341435808,0.011686325061660953,1956341.2927427883,-0.297341553213173,2025-04
2025-04-15,1386522.0021120633,0.008643914236834862,1956341.2927427883,-0.2912678338613601,2025-04
2025-04-16,1352725.681918008,-0.024374889213855996,1956341.2927427883,-0.3085431018932856,2025-04
2025-04-17,1358205.724941841,0.004051111838183571,1956341.2927427883,-0.30574193266777183,2025-04
2025-04-21,1310604.9572323884,-0.03504680243597923,1956341.2927427883,-0.33007345799314913,2025-04
2025-04-22,1348004.765458885,0.028536293884828496,1956341.2927427883,-0.31095623730919464,2025-04
2025-04-23,1409232.6946199539,0.04542115186085836,1956341.2927427883,-0.2796590759252384,2025-04
2025-04-24,1485195.8448763404,0.053903908521560635,1956341.2927427883,-0.2408298846495759,2025-04
2025-04-25,1501025.3833523965,0.010658216241760528,1956341.2927427883,-0.23273848539588882,2025-04
2025-04-28,1502545.539417433,0.001012745075397405,1956341.2927427883,-0.2319614450754316,2025-04
2025-04-29,1503769.3712594665,0.0008145056571849874,1956341.2927427883,-0.2313358733275095,2025-04
2025-04-30,1499786.0609912788,-0.0026488837612455283,1956341.2927427883,-0.23337197525050424,2025-04
2025-05-01,1558724.8640912343,0.039298140336762384,1956341.2927427883,-0.20324491954780355,2025-05
2025-05-02,1593125.1967844826,0.022069534839494864,1956341.2927427883,-0.1856609055412194,2025-05
2025-05-05,1582533.9301299965,-0.006648106925848077,1956341.2927427883,-0.19107471891507966,2025-05
2025-05-06,1568102.4028376297,-0.009119253001533585,1956341.2927427883,-0.19845151321262977,2025-05
2025-05-07,1573488.4973725297,0.003434784951004105,1956341.2927427883,-0.19569836653271244,2025-05
2025-05-08,1608375.39425506,0.022171688538420012,1956341.2927427883,-0.1778656412245332,2025-05
2025-05-09,1603950.9377199921,-0.002750885490334809,1956341.2927427883,-0.18012723870319447,2025-05
2025-05-12,1727745.009924217,0.07718071001610402,1956341.2927427883,-0.11684887686344325,2025-05
2025-05-13,1786230.1106880882,0.033850539534440185,1956341.2927427883,-0.08695373485482405,2025-05
2025-05-14,1790941.241839096,0.0026374715792877174,1956341.2927427883,-0.08454560127992883,2025-05
2025-05-15,1786036.4794181632,-0.002738650663880071,1956341.2927427883,-0.08705271107673551,2025-05
2025-05-16,1796003.883544082,0.005580739386222333,1956341.2927427883,-0.08195779018389648,2025-05
2025-05-19,1788860.9091366227,-0.003977148642554149,1956341.2927427883,-0.08560898051247401,2025-05
2025-05-20,1787734.6863153973,-0.000629575399335558,1956341.2927427883,-0.08618465860371671,2025-05
2025-05-21,1758716.7614058105,-0.01623167303946773,1956341.2927427883,-0.10101741044371071,2025-05
2025-05-22,1772357.9948662736,0.0077563560886057675,1956341.2927427883,-0.09404458136165517,2025-05
2025-05-23,1764812.8541519956,-0.0042571200266159695,1956341.2927427883,-0.09790134231756165,2025-05
2025-05-27,1806395.6760659013,0.023562170808126046,1956341.2927427883,-0.07664593965946676,2025-05
2025-05-28,1789532.14905454,-0.009335455811147558,1956341.2927427883,-0.08526587068781954,2025-05
2025-05-29,1774137.6536324588,-0.00860252520761623,1956341.2927427883,-0.0931348940934944,2025-05
2025-05-30,1736302.3631553373,-0.021326017403246876,1956341.2927427883,-0.11247471512445395,2025-05
2025-06-02,1761543.8203926045,0.014537477902982543,1956341.2927427883,-0.09957233590723735,2025-06
2025-06-03,1814876.8297170654,0.030276288734375184,1956341.2927427883,-0.0723107279647458,2025-06
2025-06-04,1832516.9343001381,0.00971972549003395,1956341.2927427883,-0.06329384290051387,2025-06
2025-06-05,1804827.4590574559,-0.01511007877984897,1956341.2927427883,-0.07744754672785659,2025-06
2025-06-06,1819837.7083482589,0.008316722585017547,1956341.2927427883,-0.0697749339038648,2025-06
2025-06-09,1830940.2049383477,0.006100816869085545,1956341.2927427883,-0.06409980112857938,2025-06
2025-06-10,1827283.9565861726,-0.001996923953231033,1956341.2927427883,-0.06596872265353937,2025-06
2025-06-11,1833016.4698463448,0.003137177032343645,1956341.2927427883,-0.06303850118275744,2025-06
2025-06-12,1861060.7336217877,0.015299515436319926,1956341.2927427883,-0.04870344426836559,2025-06
2025-06-13,1798886.9722709232,-0.033407701440172285,1956341.2927427883,-0.08048407558331216,2025-06
2025-06-16,1861011.2136092412,0.03453482197377423,1956341.2927427883,-0.04872875683153144,2025-06
2025-06-17,1851995.4777021904,-0.004844536046381831,1956341.2927427883,-0.053337224658947524,2025-06
2025-06-18,1902567.030617284,0.027306520736129887,1956341.2927427883,-0.027487157953974828,2025-06
2025-06-20,1923486.5386727478,0.010995411840326368,1956341.2927427883,-0.016793978735672566,2025-06
2025-06-23,1936606.1971241655,0.00682076957006971,1956341.2927427883,-0.010087757024723532,2025-06
2025-06-24,1990630.811615838,0.027896541161490783,1990630.811615838,0.0,2025-06
2025-06-25,2006075.5299261708,0.007758705542086954,2006075.5299261708,0.0,2025-06
2025-06-26,2060927.9918737386,0.02734316885346107,2060927.9918737386,0.0,2025-06
2025-06-27,2045756.355967282,-0.007361555554720151,2060927.9918737386,-0.007361555554720178,2025-06
2025-06-30,2071024.2192180706,0.012351355124516527,2071024.2192180706,0.0,2025-06
2025-07-01,2032260.3146791968,-0.01871726278194344,2071024.2192180706,-0.01871726278194341,2025-07
2025-07-02,2059285.496323546,0.013298090529615718,2071024.2192180706,-0.005668076107268716,2025-07
2025-07-03,2097610.085022794,0.018610624300355188,2097610.085022794,0.0,2025-07
2025-07-07,2045789.5521334491,-0.024704559374189854,2097610.085022794,-0.024704559374189805,2025-07
2025-07-08,2055524.4251747648,0.004758491913874288,2097610.085022794,-0.020063623906333317,2025-07
2025-07-09,2078865.5057862774,0.011355292267825074,2097610.085022794,-0.008936159951916434,2025-07
2025-07-10,2086848.6509608084,0.003840145094673432,2097610.085022794,-0.005130331008047495,2025-07
2025-07-11,2077887.0497728488,-0.0042943225345227895,2097610.085022794,-0.009402622246513004,2025-07
2025-07-14,2093097.8134865144,0.007320303437729465,2097610.085022794,-0.002151148856738394,2025-07
2025-07-15,2097628.3742407123,0.002164524144550601,2097628.3742407123,0.0,2025-07
2025-07-16,2099462.804399635,0.0008745258127942752,2099462.804399635,0.0,2025-07
2025-07-17,2142306.133395482,0.020406805448548185,2142306.133395482,0.0,2025-07
2025-07-18,2150606.240602138,0.003874379612357801,2150606.240602138,0.0,2025-07
2025-07-21,2145614.3573216493,-0.002321151676324975,2150606.240602138,-0.0023211516763249618,2025-07
2025-07-22,2095124.3294575978,-0.023531734718198638,2150606.240602138,-0.025798265669035758,2025-07
2025-07-23,2135473.723100724,0.019258710843939587,2150606.240602138,-0.007036396163891401,2025-07
2025-07-24,2128821.9631597647,-0.0031148872819193184,2150606.240602138,-0.010129365864889328,2025-07
2025-07-25,2151481.454218934,0.010644145659572377,2151481.454218934,0.0,2025-07
2025-07-28,2174871.075554072,0.01087140272079602,2174871.075554072,0.0,2025-07
2025-07-29,2216669.864430691,0.019218973182569127,2216669.864430691,0.0,2025-07
2025-07-30,2233625.435949684,0.0076491189739469525,2233625.435949684,0.0,2025-07
2025-07-31,2224618.8274379354,-0.004032282390229472,2233625.435949684,-0.004032282390229569,2025-07
2025-08-01,2146203.061826301,-0.03524907936787763,2233625.435949684,-0.03913922751610022,2025-08
2025-08-04,2210107.890119244,0.029775760471874156,2233625.435949684,-0.010528867307799561,2025-08
2025-08-05,2182254.5935175405,-0.012602686378446762,2233625.435949684,-0.022998861673645843,2025-08
2025-08-06,2243488.726180939,0.028060031512957627,2243488.726180939,0.0,2025-08
2025-08-07,2252108.2974115415,0.003842039021642784,2252108.2974115415,0.0,2025-08
2025-08-08,2280063.244881234,0.01241279005180289,2280063.244881234,0.0,2025-08
2025-08-11,2256502.382668326,-0.010333424858193014,2280063.244881234,-0.010333424858192997,2025-08
2025-08-12,2330282.577294399,0.032696705836768224,2330282.577294399,0.0,2025-08
2025-08-13,2304207.8192388294,-0.011189526244428259,2330282.577294399,-0.01118952624442826,2025-08
2025-08-14,2242164.268965796,-0.026926195525856903,2330282.577294399,-0.03781443039878607,2025-08
2025-08-15,2225026.094282607,-0.007643585673182728,2330282.577294399,-0.04516897823353305,2025-08
2025-08-18,2234282.9345193123,0.004160328843105191,2330282.577294399,-0.04119656719338649,2025-08
2025-08-19,2145426.491771816,-0.03976955710249526,2330282.577294399,-0.07932775506445766,2025-08
2025-08-20,2126078.095458505,-0.009018438239443781,2330282.577294399,-0.08763078084417886,2025-08
2025-08-21,2130840.3138791663,0.0022399075701094156,2330282.577294399,-0.08558715812345707,2025-08
2025-08-22,2192303.825823976,0.028844729257499608,2330282.577294399,-0.05921116726994746,2025-08
2025-08-25,2211062.377507791,0.008556547437837164,2330282.577294399,-0.05116126299370527,2025-08
2025-08-26,2255437.1791071077,0.020069448085555167,2330282.577294399,-0.03211859321979371,2025-08
2025-08-27,2261455.507397241,0.002668364406636144,2330282.577294399,-0.02953593292409651,2025-08
2025-08-28,2345936.2513424014,0.037356801258668804,2345936.2513424014,0.0,2025-08
2025-08-29,2229502.1361965286,-0.049632258796140055,2345936.2513424014,-0.04963225879614008,2025-08
2025-09-02,2231653.3406283925,0.0009648810812684913,2345936.2513424014,-0.04871526694240447,2025-09
2025-09-03,2244903.49368658,0.005937370655630867,2345936.2513424014,-0.04306713688319874,2025-09
2025-09-04,2353658.3815015117,0.0484452396821454,2353658.3815015117,0.0,2025-09
2025-09-05,2404388.4812204638,0.021553722544300914,2404388.4812204638,0.0,2025-09
2025-09-08,2421125.8086995506,0.006961157737118677,2421125.8086995506,0.0,2025-09
2025-09-09,2434158.659713005,0.005382971412152696,2434158.659713005,0.0,2025-09
2025-09-10,2555944.72236229,0.05003209719437263,2555944.72236229,0.0,2025-09
2025-09-11,2564669.245998136,0.0034134242260849355,2564669.245998136,0.0,2025-09
2025-09-12,2535445.948503681,-0.011394567755687932,2564669.245998136,-0.011394567755687923,2025-09
2025-09-15,2610457.8536750367,0.029585290593800537,2610457.8536750367,0.0,2025-09
2025-09-16,2613468.6710272017,0.0011533675396928169,2613468.6710272017,0.0,2025-09
2025-09-17,2586113.21516164,-0.010467106864078061,2613468.6710272017,-0.010467106864077924,2025-09
2025-09-18,2659485.0696021146,0.028371478097059345,2659485.0696021146,0.0,2025-09
2025-09-19,2666478.900409875,0.002629768780317611,2666478.900409875,0.0,2025-09
2025-09-22,2666198.8280692417,-0.00010503452346460906,2666478.900409875,-0.00010503452346466435,2025-09
2025-09-23,2654852.9983267533,-0.004255432724312058,2666478.900409875,-0.004360020280428478,2025-09
2025-09-24,2574392.703604721,-0.030306873778978824,2666478.900409875,-0.03453475547509455,2025-09
2025-09-25,2570860.595147817,-0.00137201618539325,2666478.900409875,-0.035859389417017384,2025-09
2025-09-26,2569500.42618969,-0.0005290714559529153,2666478.900409875,-0.036369488693601904,2025-09
2025-09-29,2588386.494887162,0.00735009362324899,2666478.900409875,-0.029286714217280685,2025-09
2025-09-30,2615495.0377064496,0.010473143355072838,2666478.900409875,-0.019120294818604555,2025-09
2025-10-01,2675023.4107869887,0.022759887601522703,2675023.4107869887,0.0,2025-10
2025-10-02,2665007.4231641055,-0.0037442616698208824,2675023.4107869887,-0.003744261669820892,2025-10
2025-10-03,2644610.040497389,-0.0076537808072965514,2675023.4107869887,-0.0113693847190115,2025-10
2025-10-06,2710700.525811358,0.024990635406322046,2710700.525811358,0.0,2025-10
2025-10-07,2673076.2421314735,-0.013879911602784886,2710700.525811358,-0.013879911602785011,2025-10
2025-10-08,2779975.8251395714,0.03999122109695537,2779975.8251395714,0.0,2025-10
2025-10-09,2773037.657537447,-0.0024957654449302286,2779975.8251395714,-0.0024957654449301314,2025-10
2025-10-10,2595666.2184919496,-0.0639628670614625,2779975.8251395714,-0.06629899619302204,2025-10
2025-10-13,2698265.423375782,0.0395271179910956,2779975.8251395714,-0.02939248644713921,2025-10
2025-10-14,2656905.9887783,-0.01532815646643737,2779975.8251395714,-0.04427011028237715,2025-10
2025-10-15,2734725.64274809,0.029289577538109762,2779975.8251395714,-0.01627718557200386,2025-10
2025-10-16,2733792.6248204107,-0.00034117423448063594,2779975.8251395714,-0.016612806450157502,2025-10
2025-10-17,2718239.2086438043,-0.0056893182150670255,2779975.8251395714,-0.02220760912288422,2025-10
2025-10-20,2753379.607831762,0.012927633107569794,2779975.8251395714,-0.009567067838251453,2025-10
2025-10-21,2755693.4507829,0.000840364672040364,2779975.8251395714,-0.008734742992037359,2025-10
2025-10-22,2679066.34459991,-0.027806832491190363,2779975.8251395714,-0.036298689947994456,2025-10
2025-10-23,2757190.6183758616,0.029161007503014376,2779975.8251395714,-0.008196188814903027,2025-10
2025-10-24,2826641.5822972134,0.025189032437032716,2826641.5822972134,0.0,2025-10
2025-10-27,2915261.642382433,0.03135171457189057,2915261.642382433,0.0,2025-10
2025-10-28,2930307.0576212527,0.005160914210953764,2930307.0576212527,0.0,2025-10
2025-10-29,2982288.3235836313,0.017739187375324234,2982288.3235836313,0.0,2025-10
2025-10-30,2992179.526895487,0.003316648908033744,2992179.526895487,0.0,2025-10
2025-10-31,3023028.8873797054,0.010309996511547993,3023028.8873797054,0.0,2025-10
2025-11-03,2999839.904831235,-0.0076707776909702916,3023028.8873797054,-0.007670777690970132,2025-11
2025-11-04,2896160.7415091353,-0.03456156548725294,3023028.8873797054,-0.04196722909271855,2025-11
2025-11-05,3015823.78799756,0.041317819406001065,3023028.8873797054,-0.0023834040793405675,2025-11
2025-11-06,3061372.297964763,0.015103173517125805,3061372.297964763,0.0,2025-11
2025-11-07,3026268.9005812122,-0.011466556160741364,3061372.297964763,-0.011466556160741326,2025-11
2025-11-10,3135920.555057517,0.03623328199792342,3135920.555057517,0.0,2025-11
2025-11-11,3058309.9420423093,-0.02474890918076338,3135920.555057517,-0.024748909180763334,2025-11
2025-11-12,3077324.8668494713,0.006217461659384388,3135920.555057517,-0.01868532291532199,2025-11
2025-11-13,2892227.733052563,-0.060148714161078747,3135920.555057517,-0.07771013892935952,2025-11
2025-11-14,2921160.762465857,0.01000371757819954,3135920.555057517,-0.06848381163397199,2025-11
2025-11-17,2891710.2087905253,-0.010081798322688554,3135920.555057517,-0.0778751699793977,2025-11
2025-11-18,2862997.012176128,-0.009929486200626862,3135920.555057517,-0.08703139575434271,2025-11
2025-11-19,2916237.4144330407,0.01859603835787624,3135920.555057517,-0.07005379657025368,2025-11
2025-11-20,2766950.238193529,-0.051191708706794396,3135920.555057517,-0.11765933172921861,2025-11
2025-11-21,2810629.499454153,0.01578606678851617,3135920.555057517,-0.10373064300967205,2025-11
2025-11-24,3015714.157163502,0.07296751768569239,3135920.555057517,-0.0383320928523363,2025-11
2025-11-25,3065571.373317152,0.0165324740858544,3135920.555057517,-0.02243334309821976,2025-11
2025-11-26,3148650.501916589,0.02710069950501278,3148650.501916589,0.0,2025-11
2025-11-28,3227137.9582450315,0.02492733197306804,3227137.9582450315,0.0,2025-11
2025-12-01,3158466.1580992783,-0.021279474579109156,3227137.9582450315,-0.02127947457910906,2025-12
2025-12-02,3151688.7516712663,-0.0021457904212880234,3227137.9582450315,-0.023379603707675334,2025-12
2025-12-03,3169902.260972666,0.00577896827272086,3227137.9582450315,-0.01773574542300982,2025-12
2025-12-04,3252127.3534767777,0.0259393147594656,3252127.3534767777,0.0,2025-12
2025-12-05,3296342.881347539,0.013595878348211611,3296342.881347539,0.0,2025-12
2025-12-08,3345962.015809946,0.015052783114031918,3345962.015809946,0.0,2025-12
2025-12-09,3395968.893076381,0.01494544081198414,3395968.893076381,0.0,2025-12
2025-12-10,3467667.711017174,0.02111291952260545,3467667.711017174,0.0,2025-12
2025-12-11,3515129.0059955646,0.01368680592653109,3515129.0059955646,0.0,2025-12
2025-12-12,3240481.0786520177,-0.07813310034285931,3515129.0059955646,-0.07813310034285936,2025-12
2025-12-15,3225482.5426723952,-0.004628490528283412,3515129.0059955646,-0.08239995255626043,2025-12
2025-12-16,3168116.529813573,-0.017785249834678347,3515129.0059955646,-0.09871969864836005,2025-12
2025-12-17,3088427.973754517,-0.025153290704160416,3515129.0059955646,-0.12138986407419106,2025-12
2025-12-18,3165523.38771977,0.02496267182541108,3515129.0059955646,-0.09945740758859534,2025-12
2025-12-19,3284373.8732117824,0.03754528744064173,3515129.0059955646,-0.06564627710396853,2025-12
2025-12-22,3338326.769186769,0.016427148082939307,3515129.0059955646,-0.050297510136109835,2025-12
2025-12-23,3368566.958956507,0.009058487038734223,3515129.0059955646,-0.041694642441024166,2025-12
2025-12-24,3364905.690291211,-0.0010868920552585166,3515129.0059955646,-0.04273621692066665,2025-12
2025-12-26,3360739.0582329775,-0.0012382611703666746,3515129.0059955646,-0.0439215594930521,2025-12
2025-12-29,3321467.019887813,-0.011685536325397834,3515129.0059955646,-0.055093848839525617,2025-12
2025-12-30,3307550.3864381355,-0.0041899056550461404,3515129.0059955646,-0.05905291646576083,2025-12
2025-12-31,3258811.4910239703,-0.014735647146603728,3515129.0059955646,-0.07291838067234724,2025-12
2026-01-02,3365812.054359785,0.0328342291754327,3515129.0059955646,-0.042478370319011916,2026-01
2026-01-05,3261845.2087398088,-0.030889082319764793,3515129.0059955646,-0.07205533476118331,2026-01
2026-01-06,3363760.870512189,0.03124478791921414,3515129.0059955646,-0.043061900495030336,2026-01
2026-01-07,3318280.384076278,-0.013520725219978347,3515129.0059955646,-0.05600039759096531,2026-01
2026-01-08,3074844.5319331,-0.07336205020870902,3515129.0059955646,-0.1252541438198983,2026-01
2026-01-09,3118880.1156150764,0.014321239082059244,3515129.0059955646,-0.11272669927750245,2026-01
2026-01-12,3151074.9227518886,0.010322553590830563,3515129.0059955646,-0.10356777308108145,2026-01
2026-01-13,3244630.345097296,0.02969000250355949,3515129.0059955646,-0.07695269801958726,2026-01
2026-01-14,3174290.667146695,-0.021678795569697422,3515129.0059955646,-0.09696325178038145,2026-01
2026-01-15,3299978.583133714,0.03959559131993322,3515129.0059955646,-0.06120697775099593,2026-01
2026-01-16,3259268.835661569,-0.012336367175294195,3515129.0059955646,-0.07278827317506376,2026-01
2026-01-20,3274775.714939184,0.004757778526258683,3515129.0059955646,-0.06837680513188082,2026-01
2026-01-21,3306037.762192153,0.009546317053212084,3515129.0059955646,-0.05948323473954331,2026-01
2026-01-22,3324332.8802796965,0.005533850307690559,3515129.0059955646,-0.05427855574871865,2026-01
2026-01-23,3247597.437430485,-0.02308295998406609,3515129.0059955646,-0.07610860600244418,2026-01
2026-01-26,3294300.0549064116,0.01438066705486677,3515129.0059955646,-0.06282243147050848,2026-01
2026-01-27,3501396.6934058624,0.0628651413191729,3515129.0059955646,-0.003906631183743126,2026-01
2026-01-28,3619688.501485597,0.03378417769757762,3619688.501485597,0.0,2026-01
2026-01-29,3612040.907688914,-0.0021127767744500564,3619688.501485597,-0.002112776774450098,2026-01
2026-01-30,3610987.9821784412,-0.0002915043149791848,3619688.501485597,-0.0024036652058829766,2026-01
2026-02-02,3746280.195028564,0.037466813381224186,3746280.195028564,0.0,2026-02
2026-02-03,3775380.980383659,0.007767914795511732,3775380.980383659,0.0,2026-02
2026-02-04,3628919.523323363,-0.03879382182123826,3775380.980383659,-0.03879382182123825,2026-02
2026-02-05,3665740.9594772095,0.010146666498717358,3775380.980383659,-0.029040783294751793,2026-02
2026-02-06,3865391.44662176,0.05446388311437686,3865391.44662176,0.0,2026-02
2026-02-09,3997699.8420779393,0.03422897713808856,3997699.8420779393,0.0,2026-02
2026-02-10,3916988.5097266543,-0.02018944281452921,3997699.8420779393,-0.020189442814529168,2026-02
2026-02-11,3971201.5175722516,0.013840481714709155,3997699.8420779393,-0.006628392713924791,2026-02
2026-02-12,3860268.9535196247,-0.02793425706596847,3997699.8420779393,-0.03437749055388817,2026-02
2026-02-13,3876453.135405132,0.004192501113361974,3997699.8420779393,-0.030329117107948056,2026-02
2026-02-17,3902035.6822477328,0.006599472752281205,3997699.8420779393,-0.023929800537621615,2026-02
2026-02-18,3930033.3123855186,0.0071751343190328,3997699.8420779393,-0.016926365751674055,2026-02
2026-02-19,3952079.437498501,0.005609653496702893,3997699.8420779393,-0.011411663301796438,2026-02
2026-02-20,4096433.266821239,0.03652604448004415,4096433.266821239,0.0,2026-02
2026-02-23,4105245.6189575344,0.0021512256058632134,4105245.6189575344,0.0,2026-02
2026-02-24,4321332.787276184,0.05263684280443176,4321332.787276184,0.0,2026-02
2026-02-25,4476863.129070256,0.03599129006033008,4476863.129070256,0.0,2026-02
2026-02-26,4310219.8867617,-0.037223215788409314,4476863.129070256,-0.03722321578840948,2026-02
2026-02-27,4359950.120549446,0.011537748675070361,4476863.129070256,-0.026114939221983824,2026-02
2026-03-02,4730626.6296134805,0.08501852058282748,4730626.6296134805,0.0,2026-03
2026-03-03,4440669.944851508,-0.06129350453211818,4730626.6296134805,-0.061293504532118015,2026-03
2026-03-04,4374677.997587866,-0.014860808860643435,4730626.6296134805,-0.07524344233751068,2026-03
2026-03-05,4146420.9257788733,-0.05217688523243326,4730626.6296134805,-0.12349435911460638,2026-03
2026-03-06,3818275.024456007,-0.0791395536528233,4730626.6296134805,-0.1928606243084583,2026-03
2026-03-09,4037891.81257839,0.057517278539586505,4730626.6296134805,-0.1464361640165398,2026-03
